公司全名,公司简称,公司规模,融资阶段,区域,职位名称,工作经验,学历要求,工资,职位福利,工作年限,经验,salary,月工资
成都杰迈科技有限责任公司,成都杰迈,15-50人,不需要融资,高新区,java开发工程师,3-5年,大专,10k-15k,"五险一金,员工旅游,绩效奖金,年终奖金","['3', '5']",4.0,"['10', '15']",11.25
四川长虹电器股份有限公司,四川长虹电器股份有限公司,2000人以上,上市公司,高新区,java工程师,3-5年,本科,8k-15k,五险一金,"['3', '5']",4.0,"['8', '15']",9.75
成都校精灵科技有限公司,校精灵,15-50人,天使轮,高新区,Java开发工程师,1-3年,本科,7k-12k,"股票期权,大牛指导,快速成长,打土豪分田","['1', '3']",2.0,"['7', '12']",8.25
成都冰鉴信息科技有限公司,冰鉴科技,50-150人,B轮,高新区,Java开发工程师,1-3年,本科,10k-15k,"金融科技,扁平管理,弹性工作,发展平台好","['1', '3']",2.0,"['10', '15']",11.25
客如云科技（北京）股份有限公司,客如云,500-2000人,C轮,高新区,Java开发工程师J11058,3-5年,本科,15k-25k,"前景广阔,优秀团队,C轮融资","['3', '5']",4.0,"['15', '25']",17.5
成都昕月互动科技有限公司,北美省钱快报,150-500人,不需要融资,高新区,Java,3-5年,本科,10k-20k,"五险一金,环境舒适,团队活跃","['3', '5']",4.0,"['10', '20']",12.5
四川斐讯信息技术有限公司,斐讯技术,2000人以上,不需要融资,高新区,Java工程师,3-5年,本科,10k-20k,"五险一金,餐饮补贴,下午茶","['3', '5']",4.0,"['10', '20']",12.5
成都博雅成信科技有限公司,博雅成信,2000人以上,不需要融资,高新区,Java开发工程师,3-5年,本科,10k-15k,"平台大,发展快,美女多,技术大咖","['3', '5']",4.0,"['10', '15']",11.25
优客逸家(成都)信息科技有限公司,优客逸家,500-2000人,C轮,高新区,JAVA软件开发工程师,3-5年,本科,12k-16k,"互联网平台,扁平文化,扁平灵活,集团化发展","['3', '5']",4.0,"['12', '16']",13.0
贵州煜滕煤炭行业大数据信息中心有限责任公司,贵煤数据,15-50人,天使轮,高新区,Java工程师,1-3年,本科,6k-10k,"金融,大数据,双休,带薪年假","['1', '3']",2.0,"['6', '10']",7.0
深圳市易思博软件技术有限公司,深圳易思博软件,15-50人,未融资,郫县,java开发工程师,1-3年,大专,7k-12k,"java,linux","['1', '3']",2.0,"['7', '12']",8.25
薇信和他的小伙伴们成都信息技术有限公司,薇信小伙伴,50-150人,未融资,高新区,Java开发工程师,3-5年,大专,8K-11K,"员工旅游,专业不定时培训，带薪年假","['3', '5']",4.0,"['8', '11']",8.75
广州星鸟电子科技有限公司,广州星鸟科技,150-500人,不需要融资,高新区,java开发工程师cd,1-3年,大专,7k-11k,"待遇丰厚,管理人性化,晋升空间大","['1', '3']",2.0,"['7', '11']",8.0
深圳麦亚信科技资讯有限公司成都分公司,麦亚信,15-50人,C轮,武侯区,JAVA开发工程师,3-5年,不限,9k-14k,"福利健全,加班少,每年旅游,工作环境好","['3', '5']",4.0,"['9', '14']",10.25
新蛋科技（成都）有限公司,新蛋,500-2000人,不需要融资,高新区,Java开发工程师,1-3年,本科,8k-11k,赴美机会、技术氛围好、专业培训,"['1', '3']",2.0,"['8', '11']",8.75
客如云科技（北京）股份有限公司,客如云,500-2000人,C轮,高新区,JAVA工程师（activity）(J11237),3-5年,本科,15k-25k,"优秀团队,前景广阔,C轮融资","['3', '5']",4.0,"['15', '25']",17.5
中电科华云信息技术有限公司,电科华云,150-500人,A轮,高新区,高Java开发工程师,5-10年,本科,10k-15k,"大数据,架构设计,国企","['5', '10']",7.5,"['10', '15']",11.25
成都御顺投资有限公司,御顺投资,500-2000人,不需要融资,锦江区,java开发工程师,3-5年,大专,6k-10k,"公司项目,发展空间大,五险一金,团队规模","['3', '5']",4.0,"['6', '10']",7.0
成都掌控者网络科技有限公司,掌控者,50-150人,不需要融资,高新区,高级JAVA工程师,5-10年,本科,10k-17k,"五险一金,周末双休,创业团队,工作激情","['5', '10']",7.5,"['10', '17']",11.75
成都昕月互动科技有限公司,北美省钱快报,150-500人,不需要融资,高新区,高级Java开发工程师,3-5年,本科,15k-20k,"五险一金,弹性工作,轻松氛围","['3', '5']",4.0,"['15', '20']",16.25
网信集团有限公司,网信集团,2000人以上,不需要融资,高新区,Java工程师,3-5年,本科,15k-25k,"六险一金,项目奖金,年底双薪,下午茶","['3', '5']",4.0,"['15', '25']",17.5
北京江融信科技有限公司,江融信,150-500人,B轮,高新区,Java开发工程师,3-5年,本科,10k-20k,"五险一金,弹性上班,每年调薪","['3', '5']",4.0,"['10', '20']",12.5
成都长城开发科技有限公司,长城开发,500-2000人,不需要融资,郫县,java软件开发,1-3年,本科,6k-10k,"六险一金,带薪休假,奖金丰厚,平台广阔","['1', '3']",2.0,"['6', '10']",7.0
成都顶呱呱投资集团有限公司,顶呱呱,2000人以上,上市公司,武侯区,JAVA工程师,3-5年,大专,7k-14k,"项目奖金,带薪年假,晋升透明,周末双休","['3', '5']",4.0,"['7', '14']",8.75
活跃网络（成都）有限公司,活跃网络,500-2000人,上市公司,锦江区,Java开发工程师,5-10年,本科,10k-20k,"弹性时间,国际化团队,扁平化管理,福利好","['5', '10']",7.5,"['10', '20']",12.5
成都柠檬时光科技有限公司,柠檬科技,150-500人,天使轮,武侯区,Java开发工程师,3-5年,本科,8k-12k,高薪资、优越的地理位置及工作环境,"['3', '5']",4.0,"['8', '12']",9.0
成都市米彩科技有限公司,成都市米彩科技有限公司,150-500人,不需要融资,高新区,Java中级工程师,1-3年,本科,8k-12k,"五险一金,年度旅游,包三餐,节日福利","['1', '3']",2.0,"['8', '12']",9.0
深圳市金证科技股份有限公司,金证股份,2000人以上,上市公司,锦江区,高级java开发,5-10年,大专,10k-20k,"五险一金,上市公司","['5', '10']",7.5,"['10', '20']",12.5
深圳市致远优学教育科技有限公司,优学天下,500-2000人,不需要融资,高新区,JAVA开发工程师,3-5年,本科,10k-18k,"六险一金,年终双薪,双休过节费","['3', '5']",4.0,"['10', '18']",12.0
成都艾美互娱科技有限公司,艾美互娱,50-150人,不需要融资,武侯区,Java工程师,5-10年,本科,14k-18k,五险一金，带薪年假，带薪病假,"['5', '10']",7.5,"['14', '18']",15.0
网信集团有限公司,网信集团,2000人以上,不需要融资,高新区,Java工程师（高级）,3-5年,本科,15k-25k,"六险一金,项目奖金,下午茶,年底多薪","['3', '5']",4.0,"['15', '25']",17.5
深圳市紫川软件有限公司,紫川软件,500-2000人,不需要融资,锦江区,JAVA中高级工程师,3-5年,大专,9k-15k,五险一金 员工旅游 周末双休 公司聚餐,"['3', '5']",4.0,"['9', '15']",10.5
丹露成都网络技术有限公司,丹露成都网络技术有限公司,150-500人,A轮,高新区,高级java开发工程师,5-10年,本科,15k-25k,"发展空间大,提升快,五险一金,下午茶","['5', '10']",7.5,"['15', '25']",17.5
深圳市金证科技股份有限公司,金证股份,2000人以上,上市公司,锦江区,JAVA,1-3年,不限,10k-18k,"上市公司,五险一金,大型项目,年度体检","['1', '3']",2.0,"['10', '18']",12.0
北京慧友云商科技有限公司,慧友云商,50-150人,B轮,武侯区,JAVA开发工程师,3-5年,本科,9K-18K,"带薪年假,年底奖金,节日福利,五险一金","['3', '5']",4.0,"['9', '18']",11.25
成都杰迈科技有限责任公司,成都杰迈,15-50人,不需要融资,高新区,JAVA高级工程师,5-10年,大专,14k-18k,"五险一金,绩效奖金,项目奖,年终奖","['5', '10']",7.5,"['14', '18']",15.0
北京汇通天下物联科技有限公司,G7,500-2000人,C轮,高新区,Java开发工程师(J11673),3-5年,本科,15k-25k,"物联网,大数据,技术氛围浓","['3', '5']",4.0,"['15', '25']",17.5
四川倍施特科技股份有限公司,四川汽车票务网,50-150人,上市公司,高新区,JAVA软件工程师,3-5年,本科,8k-11k,"住房公积金,社会保险,年终奖,节日福利","['3', '5']",4.0,"['8', '11']",8.75
成都房联云码科技有限公司,房联,150-500人,未融资,高新区,Java,3-5年,本科,8k-16k,五险一金、双休、定期体检、带薪年假,"['3', '5']",4.0,"['8', '16']",10.0
中国电子进出口有限公司,中电进出口,500-2000人,不需要融资,高新区,高级java,5-10年,本科,15k-25k,"福利待遇,五险一金,办公环境好,领导赞","['5', '10']",7.5,"['15', '25']",17.5
四川超影科技有限公司,超影科技,50-150人,天使轮,高新区,Java开发工程师,1-3年,本科,8k-10k,"年终奖金,项目奖金,员工旅行,下午茶","['1', '3']",2.0,"['8', '10']",8.5
成都聚思力信息技术有限公司,成都聚思力信息技术有限公司,500-2000人,上市公司,高新区,JAVA高级开发工程师,3-5年,本科,9k-13k,"六险一金,交通补饭补,医旅游补,9天年假","['3', '5']",4.0,"['9', '13']",10.0
北京流金岁月文化传播股份有限公司成都分公司,北京流金岁月成都分公司,50-150人,上市公司,高新区,java高级开发工程师,5-10年,本科,10k-15k,"六险一金,技术氛围浓,团队忠诚高,上市公司","['5', '10']",7.5,"['10', '15']",11.25
新电信息科技（成都）有限公司,NCS,500-2000人,不需要融资,武侯区,Java,5-10年,本科,9k-16k,五险一金、年底双薪、带薪年假、节日福利等,"['5', '10']",7.5,"['9', '16']",10.75
四川长虹电器股份有限公司,四川长虹电器股份有限公司,2000人以上,上市公司,高新区,高级java工程师,3-5年,本科,8K-15K,五险一金,"['3', '5']",4.0,"['8', '15']",9.75
深圳市金证科技股份有限公司,金证股份,2000人以上,上市公司,锦江区,java开发（远程）,3-5年,大专,10k-20k,"上市公司,周末双休,五险一金,意外保险","['3', '5']",4.0,"['10', '20']",12.5
成都路行通信息技术有限公司,路行通,500-2000人,不需要融资,高新区,中级java研发工程师,3-5年,本科,8k-12k,"温馨餐厅,人性管理,稳定平台,多维度发展","['3', '5']",4.0,"['8', '12']",9.0
成都博智维讯信息技术股份有限公司,博智维讯,150-500人,不需要融资,高新区,Java开发工程师,3-5年,大专,10K-18K,带薪年假/五险一金/双休/餐补/旅游,"['3', '5']",4.0,"['10', '18']",12.0
四川汉科计算机信息技术有限公司,四川汉科,150-500人,不需要融资,高新区,Java,3-5年,本科,8k-15k,五险一金 绩效奖金 年终奖金 专业培训,"['3', '5']",4.0,"['8', '15']",9.75
四川妥妥递科技有限公司,妥妥递,50-150人,A轮,锦江区,高级JAVA开发工程师,5-10年,大专,18k-25k,"豪华团队,金融科技,员工福利,后端开发","['5', '10']",7.5,"['18', '25']",19.75
北京江融信科技有限公司,江融信,150-500人,B轮,高新区,Java开发工程师,3-5年,本科,8k-15k,五险一金、每年调薪、年终奖金、各项福利,"['3', '5']",4.0,"['8', '15']",9.75
杭州顺网科技股份有限公司,顺网科技,500-2000人,上市公司,武侯区,Java资深开发工程师,10年以上,大专,15k-25k,"上市公司,大数据,福利健全,年终奖丰厚",['10'],10.0,"['15', '25']",17.5
武汉佰钧成技术有限责任公司,武汉佰钧成技术有限公司,2000人以上,不需要融资,郫县,Java工程师,3-5年,不限,8K-14K,入职缴纳六险一金，发展机会多，,"['3', '5']",4.0,"['8', '14']",9.5
北京开科唯识技术有限公司,开科唯识,500-2000人,未融资,武侯区,java软件工程师,1-3年,本科,5k-8k,"晋升空间大,学习得到多,团队和谐","['1', '3']",2.0,"['5', '8']",5.75
客如云科技（北京）股份有限公司,客如云,500-2000人,C轮,高新区,高级JAVA工程师J10771,5-10年,本科,15k-25k,薪酬竞争力 五险一金双休 技术氛围好,"['5', '10']",7.5,"['15', '25']",17.5
四川智行电子科技有限公司,智行科技,15-50人,不需要融资,高新区,Java开发工程师,3-5年,本科,10k-15k,五险一金、绩效奖、年假、年终业绩奖,"['3', '5']",4.0,"['10', '15']",11.25
成都青桔科技有限公司,货车兄弟,15-50人,A轮,新都区,Java开发工程师,3-5年,本科,10k-17k,"移动互联网,Java,架构","['3', '5']",4.0,"['10', '17']",11.75
新电信息科技（成都）有限公司,NCS,500-2000人,不需要融资,高新区,Java开发工程师,1-3年,本科,6k-8k,"五险一金,出国机会,外资,Java","['1', '3']",2.0,"['6', '8']",6.5
北京京东世纪贸易有限公司,京东集团,2000人以上,上市公司,武侯区,Java 高级开发工程师,3-5年,本科,15k-30k,"AI领域,晋升空间大,股票期权","['3', '5']",4.0,"['15', '30']",18.75
成都快乐家网络技术有限公司,惠装网,150-500人,B轮,高新区,java工程师-中高级,3-5年,本科,10k-15k,"最多16薪,5险1金,带薪年假,周末双休","['3', '5']",4.0,"['10', '15']",11.25
北京开科唯识技术有限公司,开科唯识,500-2000人,未融资,武侯区,高级Java软件工程师,3-5年,本科,8k-16k,"团队氛围足,晋升空间大,团队技术强","['3', '5']",4.0,"['8', '16']",10.0
成都佳明航电科技有限公司,GARMIN佳明,2000人以上,上市公司,高新区,Java软件开发工程师,3-5年,本科,10k-15k,"外企研发,六险一金,周末双休,福利完善","['3', '5']",4.0,"['10', '15']",11.25
北京创锐文化传媒有限公司,聚美优品,2000人以上,上市公司,武侯区,JAVA工程师,3-5年,本科,10k-20k,"绩效奖金,五险一金,餐饮补贴","['3', '5']",4.0,"['10', '20']",12.5
京东金融,京东金融,2000人以上,上市公司,武侯区,Java开发工程师,3-5年,本科,15k-30k,"班车,餐补","['3', '5']",4.0,"['15', '30']",18.75
深圳市赢时胜信息技术股份有限公司,赢时胜软件,500-2000人,上市公司,高新区,研发部Java开发工程师,3-5年,本科,8k-15k,绩效奖金、专业金融培训,"['3', '5']",4.0,"['8', '15']",9.75
北京九州人国际旅行社有限公司成都分公司,iTrip,150-500人,B轮,武侯区,高级Java开发工程师,5-10年,本科,15k-20k,川妹子，境外旅游，发展空间，做最牛产品,"['5', '10']",7.5,"['15', '20']",16.25
北京世纪超星信息技术发展有限责任公司,世纪超星,2000人以上,不需要融资,武侯区,中高级Java研发工程师,3-5年,本科,8k-15k,"年终奖金,节日福利,带薪年假,周末双休","['3', '5']",4.0,"['8', '15']",9.75
成都旸谷信息技术有限公司,旸谷技术,15-50人,未融资,高新区,Java开发工程师（中级）,3-5年,本科,8k-12k,"领导好,行业前景好,收入高,福利好","['3', '5']",4.0,"['8', '12']",9.0
四川倍施特科技股份有限公司,四川汽车票务网,50-150人,上市公司,高新区,高级Java开发工程师,5-10年,本科,15k-20k,"六险一金，绩效奖，年终奖,团队经费","['5', '10']",7.5,"['15', '20']",16.25
北京趣拿软件科技有限公司,去哪儿网,2000人以上,不需要融资,高新区,JAVA开发工程师-专车事业部,3-5年,本科,20k-35k,"弹性工作,福利多多","['3', '5']",4.0,"['20', '35']",23.75
马上消费金融股份有限公司,马上金融,2000人以上,不需要融资,高新区,Java开发工程师,3-5年,不限,15k-30k,"五险一金,年底双薪","['3', '5']",4.0,"['15', '30']",18.75
成都顶呱呱投资集团有限公司,顶呱呱,2000人以上,上市公司,武侯区,中级JAVA工程师,3-5年,大专,7k-14k,"周末双休,专业培训,职位期权","['3', '5']",4.0,"['7', '14']",8.75
成都齐步走科技有限公司,齐步走科技,少于15人,未融资,高新区,JAVA中级开发工程师,1-3年,大专,5k-9k,"工作氛围好,创业团队,成长空间大,五险一金","['1', '3']",2.0,"['5', '9']",6.0
四川斐讯信息技术有限公司,斐讯技术,2000人以上,不需要融资,高新区,Java工程师,3-5年,本科,10k-20k,"五险一金,周末双休,午餐补贴,定期体检","['3', '5']",4.0,"['10', '20']",12.5
北京科电航宇空间技术有限公司,北京科电航宇空间技术有限公司,50-150人,不需要融资,青羊区,JAVA开发工程师,3-5年,本科,10k-18k,"创业公司,团队氛围好,行业前景优,个人待遇佳","['3', '5']",4.0,"['10', '18']",12.0
成都四象联创科技有限公司,四象联创,50-150人,未融资,郫县,Java开发,3-5年,本科,10k-20k,"周末双休,节假日福利,五险一金,员工旅游","['3', '5']",4.0,"['10', '20']",12.5
成都金铠甲科技有限公司,金铠甲科技,50-150人,不需要融资,高新区,JAVA开发经理,3-5年,大专,10k-16k,行业领先 平台好 福利好 领导好,"['3', '5']",4.0,"['10', '16']",11.5
成都网阔信息技术股份有限公司,成都网阔,150-500人,上市公司,武侯区,Java开发工程师,3-5年,大专,10k-15k,"平台稳定,福利多多,专业导师","['3', '5']",4.0,"['10', '15']",11.25
成都天府通金融服务股份有限公司,天府通,50-150人,不需要融资,高新区,Java开发工程师,3-5年,本科,9k-18k,"周末双休,带薪年假","['3', '5']",4.0,"['9', '18']",11.25
深圳市顶聚科技有限公司,顶聚科技,15-50人,未融资,武侯区,Java开发工程师,1-3年,本科,8k-12k,"五险一金,项目奖金,带薪年假,节日福利","['1', '3']",2.0,"['8', '12']",9.0
成都冰鉴信息科技有限公司,冰鉴科技,50-150人,B轮,郫县,高级Java开发工程师,5-10年,本科,15k-25k,"弹性工作,五险一金,年度旅游,工作氛围","['5', '10']",7.5,"['15', '25']",17.5
深圳市金证科技股份有限公司,金证股份,2000人以上,上市公司,武侯区,JAVA开发工程师,1-3年,本科,8k-15k,"五险一金,带薪年假,定期体检,节日福利","['1', '3']",2.0,"['8', '15']",9.75
新电信息科技（成都）有限公司,NCS,500-2000人,不需要融资,高新区,Java,1-3年,本科,6k-8k,五险一金、绩效奖金、带薪年假、出国机会等,"['1', '3']",2.0,"['6', '8']",6.5
成都之维安科技股份有限公司,成都之维安科技股份有限公司,150-500人,上市公司,武侯区,高级JAVA工程师,5-10年,本科,10k-15k,"环保行业,氛围好,平台开放","['5', '10']",7.5,"['10', '15']",11.25
成都博为峰软件技术有限公司,成都博为峰,500-2000人,天使轮,锦江区,java程序开发/助理,应届毕业生,大专,3k-6k,"可实习,可培训,可转正",[],0.0,"['3', '6']",3.75
成都贵鑫堂网络科技有限公司,贵鑫堂,50-150人,未融资,金牛区,java高级开发工程师,3-5年,本科,10k-20k,"绩效奖金,带薪年假","['3', '5']",4.0,"['10', '20']",12.5
四川千行你我科技有限公司,千行集团,150-500人,D轮及以上,高新区,java,1-3年,本科,8k-12k,"期权,发展空间大,周末双休,五险一金","['1', '3']",2.0,"['8', '12']",9.0
四川万益能源科技有限公司,万益能源,50-150人,不需要融资,武侯区,Java开发工程师,1-3年,本科,8k-13k,"六险一金,餐补,员工旅游,年底双薪","['1', '3']",2.0,"['8', '13']",9.25
四川长虹电器股份有限公司,四川长虹电器股份有限公司,2000人以上,上市公司,高新区,Java中高级工程师,3-5年,本科,8K-15K,"五险一金,带薪年休假,发展空间,年终奖","['3', '5']",4.0,"['8', '15']",9.75
北京天广汇通科技有限公司,天广汇通,50-150人,不需要融资,高新区,java工程师（驻场）,1-3年,本科,10k-18k,"技术氛围好,领导好,餐补,六险一金","['1', '3']",2.0,"['10', '18']",12.0
成都金铠甲科技有限公司,金铠甲科技,50-150人,不需要融资,高新区,Java中级开发工程师,3-5年,本科,8k-15k,五险一金 餐补 带薪年假 定期体检 节日福利,"['3', '5']",4.0,"['8', '15']",9.75
深圳市金证科技股份有限公司,金证股份,2000人以上,上市公司,锦江区,JAVA,1-3年,大专,4k-8k,"上市公司,年度体检,五险一金,大型项目","['1', '3']",2.0,"['4', '8']",5.0
北京天广汇通科技有限公司,天广汇通,50-150人,不需要融资,武侯区,JAVA高级开发工程师,3-5年,本科,10k-16k,"六险一金,体检,零食,领导好","['3', '5']",4.0,"['10', '16']",11.5
壹玖壹玖酒类平台科技股份有限公司,1919酒类直供,2000人以上,上市公司,武侯区,中高级JAVA开发工程师,3-5年,大专,10k-16k,"五险一金,弹性上班,节日福利,项目激励","['3', '5']",4.0,"['10', '16']",11.5
成都第六纪智能科技有限公司,第六纪,15-50人,未融资,高新区,Python(AI) 人工智能/Java开发工程师,5-10年,本科,17k-25k,工作氛围好,"['5', '10']",7.5,"['17', '25']",19.0
重庆盼达汽车租赁有限公司,盼达用车,500-2000人,未融资,锦江区,Java中级开发工程师,3-5年,本科,8k-14k,"弹性工作,五险一金,活泼扁平化,年终奖","['3', '5']",4.0,"['8', '14']",9.5
四川久远银海软件股份有限公司,久远银海,500-2000人,上市公司,锦江区,JAVA软件工程师,3-5年,本科,6k-12k,春节长假,"['3', '5']",4.0,"['6', '12']",7.5
成都旸谷信息技术有限公司,旸谷技术,15-50人,未融资,高新区,JAVA开发工程师（高级）,5-10年,本科,10k-20k,"领导好,行业前景好,收入高,福利好","['5', '10']",7.5,"['10', '20']",12.5
新希望六和股份有限公司,新希望六和,2000人以上,上市公司,锦江区,高级Java开发工程师,5-10年,大专,15k-25k,团队氛围好 专业性强 领导nice,"['5', '10']",7.5,"['15', '25']",17.5
四川妥妥递科技有限公司,妥妥递,50-150人,A轮,锦江区,中高级JAVA开发工程师,3-5年,大专,10k-20k,"豪华团队,金融科技,员工福利,后端开发","['3', '5']",4.0,"['10', '20']",12.5
南京君合创胜数据科技有限责任公司,君合创胜,500-2000人,不需要融资,青羊区,Java开发工程师（成都）,1-3年,本科,6k-12k,"五险一金,年度旅游,年度旅游,年终奖","['1', '3']",2.0,"['6', '12']",7.5
北京弘合柏基金融信息服务有限责任公司,有利网,500-2000人,A轮,武侯区,中级JAVA开发工程师,3-5年,本科,12k-18k,"六险一金,互联网金融,周末双休,大平台","['3', '5']",4.0,"['12', '18']",13.5
成都恒信博达科技有限公司,恒信博达,50-150人,不需要融资,高新区,高级JAVA研发工程师,5-10年,本科,15k-25k,"互联网金融,大数据,平台好,福利丰厚","['5', '10']",7.5,"['15', '25']",17.5
成都佳发安泰科技股份有限公司,成都佳发,150-500人,上市公司,武侯区,高级JAVA研发工程师,3-5年,本科,8k-12k,"周末双休,带薪年假,六险一金,节日福利","['3', '5']",4.0,"['8', '12']",9.0
北京慧友云商科技有限公司,慧友云商,50-150人,B轮,武侯区,java开发,1-3年,本科,8K-12K,"""""","['1', '3']",2.0,"['8', '12']",9.0
四川中清科华云联科技有限公司,中清云联,50-150人,不需要融资,高新区,java工程师,3-5年,本科,10k-15k,"扁平化,弹性工作,餐饮免费,提升空间大","['3', '5']",4.0,"['10', '15']",11.25
成都柠檬时光科技有限公司,柠檬科技,150-500人,天使轮,武侯区,高级JAVA开发工程师,3-5年,本科,15k-20k,"周末双休,发展空间大,福利待遇忧,员工餐","['3', '5']",4.0,"['15', '20']",16.25
中国电子进出口有限公司,中电进出口,500-2000人,不需要融资,高新区,Java开发–成都研发（初、中级）,3-5年,本科,10k-16k,项目奖,"['3', '5']",4.0,"['10', '16']",11.5
成都泰瑞亚科技有限公司,TYRIA,50-150人,天使轮,高新区,高级JAVA开发工程师,5-10年,本科,8k-16k,"福利完善,弹性工作,已融资,创业机会","['5', '10']",7.5,"['8', '16']",10.0
成都市米彩科技有限公司,成都市米彩科技有限公司,150-500人,不需要融资,高新区,Java高级工程师,3-5年,本科,10k-15k,"五险一金,年度旅游,包三餐,节日福利","['3', '5']",4.0,"['10', '15']",11.25
成都尼毕鲁科技股份有限公司,tap4fun,150-500人,不需要融资,高新区,JAVA工程师,1-3年,本科,8k-12k,"六险一金,发展空间大,薪资待遇优,团队氛围好","['1', '3']",2.0,"['8', '12']",9.0
武汉佰钧成技术有限责任公司,武汉佰钧成技术有限公司,2000人以上,不需要融资,武侯区,java开发工程师-成都,3-5年,大专,10k-14k,"弹性工作制,六险一金","['3', '5']",4.0,"['10', '14']",11.0
广州市骑鹅游信息技术咨询服务有限公司,骑鹅旅行,50-150人,A轮,高新区,Java工程师,3-5年,本科,8k-14k,员工期权 晋升空间 定期体检 零食饮料,"['3', '5']",4.0,"['8', '14']",9.5
深圳市顶聚科技有限公司,顶聚科技,15-50人,未融资,高新区,JAVA高级开发工程师,5-10年,本科,10k-20k,"五险一金,项目奖金,带薪年假,节日福利","['5', '10']",7.5,"['10', '20']",12.5
四川久远银海软件股份有限公司,久远银海,500-2000人,上市公司,锦江区,java开发工程师,3-5年,本科,6k-10k,五险一金 年终奖 周末双休 定期体检,"['3', '5']",4.0,"['6', '10']",7.0
北京创锐文化传媒有限公司,聚美优品,2000人以上,上市公司,高新区,Java高级工程师,3-5年,本科,10k-18k,"五险一金,餐饮补贴","['3', '5']",4.0,"['10', '18']",12.0
成都二次元动漫有限公司,二次元动漫,150-500人,不需要融资,高新区,JAVA开发工程师,3-5年,本科,7k-10k,"六险一金,节日福利,周末双休,带薪年假","['3', '5']",4.0,"['7', '10']",7.75
深圳市金证科技股份有限公司,金证股份,2000人以上,上市公司,锦江区,java开发工程师,3-5年,本科,7k-14k,"五险一金,弹性工作,带薪年假,年度体检","['3', '5']",4.0,"['7', '14']",8.75
北京汇通天下物联科技有限公司,G7,500-2000人,C轮,高新区,JAVA开发工程师J11179,3-5年,本科,15k-25k,物联网 大数据 技术型团队,"['3', '5']",4.0,"['15', '25']",17.5
成都誉境金服科技有限公司,誉境金服,15-50人,天使轮,高新区,高级java开发工程师,3-5年,本科,10k-20k,"牛人多,年终奖多,发展潜力大,福利待遇多","['3', '5']",4.0,"['10', '20']",12.5
成都誉境金服科技有限公司,誉境金服,15-50人,天使轮,高新区,高级java开发工程师,3-5年,本科,10k-20k,"牛人多,年终奖多,发展潜力大,福利待遇多","['3', '5']",4.0,"['10', '20']",12.5
中电科华云信息技术有限公司,电科华云,150-500人,A轮,高新区,中级Java开发工程师,5-10年,大专,8k-12k,"公安,学习平台广,云计算,大数据","['5', '10']",7.5,"['8', '12']",9.0
重庆新想乐文化传媒有限责任公司,播了么,500-2000人,D轮及以上,高新区,高级Java工程师,3-5年,本科,12K-23K,"五险一金,带薪假期,项目奖金,节日福利","['3', '5']",4.0,"['12', '23']",14.75
四川汇诚智杰科技有限公司,汇诚智杰,15-50人,未融资,武侯区,JAVA高级工程师,3-5年,大专,8K-15K,五险一金 周末双休 节假日福利,"['3', '5']",4.0,"['8', '15']",9.75
深圳市金证科技股份有限公司,金证股份,2000人以上,上市公司,武侯区,Java高级开发工程师,3-5年,本科,9k-18k,"上市公司,五险一金,年终奖","['3', '5']",4.0,"['9', '18']",11.25
四川斐讯信息技术有限公司,斐讯技术,2000人以上,不需要融资,高新区,软件工程师（java）,3-5年,本科,16k-25k,"五险一金,绩效奖金,定期体检,工作餐","['3', '5']",4.0,"['16', '25']",18.25
成都金铠甲科技有限公司,金铠甲科技,50-150人,不需要融资,高新区,Java开发工程师,1-3年,本科,5k-10k,五险一金 餐补 带薪年假 定期体检 节日福利,"['1', '3']",2.0,"['5', '10']",6.25
成都诺一电气有限责任公司,易电云商,50-150人,A轮,锦江区,java工程师,3-5年,大专,10k-14k,"扁平化管理,双休,氛围好,培训完善","['3', '5']",4.0,"['10', '14']",11.0
四川伯乐帮科技有限公司,伯乐帮,15-50人,未融资,郫县,java工程师,3-5年,本科,10K-16K,上市公司，各种补贴，食堂，行业前景好,"['3', '5']",4.0,"['10', '16']",11.5
成都掌控者网络科技有限公司,掌控者,50-150人,不需要融资,高新区,Java 技术经理 / 架构师,5-10年,本科,12k-22k,"五险一金,定期体检,节日福利,定期团建","['5', '10']",7.5,"['12', '22']",14.5
成都市米彩科技有限公司,成都市米彩科技有限公司,150-500人,不需要融资,高新区,Java技术经理,5-10年,本科,15k-20k,"五险一金,包吃三餐,年终奖,地铁口","['5', '10']",7.5,"['15', '20']",16.25
北京四维图新科技股份有限公司,四维图新,2000人以上,上市公司,武侯区,Java软件工程师,5-10年,本科,12k-24k,六险一金、弹性工作、定期体检,"['5', '10']",7.5,"['12', '24']",15.0
武汉佰钧成技术有限责任公司,武汉佰钧成技术有限公司,2000人以上,不需要融资,高新区,java开发工程师-成都,3-5年,大专,10k-14k,"技术新,开发环境好,工作氛围好,平台宽","['3', '5']",4.0,"['10', '14']",11.0
北京世纪超星信息技术发展有限责任公司,世纪超星,2000人以上,不需要融资,武侯区,高级java工程师,3-5年,本科,12k-20k,"年终奖金,节日福利,带薪年假,周末双休","['3', '5']",4.0,"['12', '20']",14.0
北京太合音乐文化发展有限公司,太合音乐（百度音乐）,500-2000人,不需要融资,高新区,java开发工程师,3-5年,大专,9k-12k,"弹性上下班,五险一金,补充医疗,饭补","['3', '5']",4.0,"['9', '12']",9.75
中电科华云信息技术有限公司,电科华云,150-500人,A轮,高新区,java开发工程师,3-5年,不限,8k-13k,"云平台,大数据","['3', '5']",4.0,"['8', '13']",9.25
成都柠檬时光科技有限公司,柠檬科技,150-500人,天使轮,高新区,高级Java开发工程师,3-5年,大专,12k-18k,高薪资、优越的工作地理位置及环境,"['3', '5']",4.0,"['12', '18']",13.5
四川仁众投资管理有限公司,仁众管理,500-2000人,不需要融资,锦江区,JAVA开发工程师,3-5年,本科,10k-15k,"员工食堂,年底双薪,员工旅游,员工体检","['3', '5']",4.0,"['10', '15']",11.25
上海华钦信息科技股份有限公司,CLPS,500-2000人,未融资,高新区,Senior Developer-Java,5-10年,本科,10k-18k,"英语,文化,人性化","['5', '10']",7.5,"['10', '18']",12.0
四川伯乐帮科技有限公司,伯乐帮,15-50人,未融资,锦江区,Java开发工程师,3-5年,本科,9K-14K,创业不久的公司，发展空间大,"['3', '5']",4.0,"['9', '14']",10.25
四川千行你我科技有限公司,千行集团,150-500人,D轮及以上,高新区,java高级开发（编号：002）,3-5年,本科,10k-16k,"五险一金,带薪年假,周末双休,餐补话补","['3', '5']",4.0,"['10', '16']",11.5
四川生学教育科技有限公司,生学教育,150-500人,A轮,高新区,Java开发工程师,1-3年,本科,8k-15k,"绩效奖金,五险一金,带薪年假,弹性工作","['1', '3']",2.0,"['8', '15']",9.75
成都尼毕鲁科技股份有限公司,tap4fun,150-500人,不需要融资,高新区,Java开发工程师,不限,本科,15k-30k,"薪资福利,发展空间,团队氛围",[],0.0,"['15', '30']",18.75
北京悦畅科技有限公司,ETCP,500-2000人,B轮,金牛区,JAVA开发工程师,3-5年,本科,10k-20k,"公司前景好,个人发展好,氛围活跃","['3', '5']",4.0,"['10', '20']",12.5
成都康赛信息技术有限公司,成都康赛,150-500人,未融资,成华区,Java,1-3年,本科,8k以上,五险一金、带薪年假,"['1', '3']",2.0,['8'],8.0
深圳市顶聚科技有限公司,顶聚科技,15-50人,未融资,高新区,Java中级开发工程师,3-5年,本科,8k-15k,"五险一金,项目奖金,节日福利,带薪年假","['3', '5']",4.0,"['8', '15']",9.75
四川万益能源科技有限公司,万益能源,50-150人,不需要融资,武侯区,高级Java工程师,3-5年,本科,15k-25k,"六险一金,年度旅游,用餐补助,年终奖励","['3', '5']",4.0,"['15', '25']",17.5
ON CONNECTION SDN.BHD,天蝎,15-50人,不需要融资,龙泉驿区,JAVA工程师,3-5年,大专,15k-30k,"五险一金,不打卡,氛围好,团队好","['3', '5']",4.0,"['15', '30']",18.75
北京世联互动网络有限公司成都分公司,NAVER China,500-2000人,上市公司,高新区,NAVERChina Java开发工程师,3-5年,本科,9k-18k,"六险一金,技术氛围浓,出国机会,福利多样","['3', '5']",4.0,"['9', '18']",11.25
四川淘金你我信息技术有限公司,淘金云,500-2000人,上市公司,高新区,java开发,3-5年,本科,10k-16k,"五险一金,周末双休,餐补话补,期权","['3', '5']",4.0,"['10', '16']",11.5
上海联璧电子科技（集团）有限公司,联璧集团,500-2000人,B轮,锦江区,Java开发工程师,1-3年,本科,4k-8k,"五险一金,节日福利","['1', '3']",2.0,"['4', '8']",5.0
四川长虹电器股份有限公司,四川长虹电器股份有限公司,2000人以上,上市公司,高新区,java开发工程师（中高级）,5-10年,本科,10k-20k,"五险一金,年终奖,双休","['5', '10']",7.5,"['10', '20']",12.5
广东鸿特普惠信息服务有限公司,鸿特普惠,2000人以上,D轮及以上,武侯区,java研发工程师,3-5年,大专,9k-18k,"双休,五险一金,年终奖,带薪年假","['3', '5']",4.0,"['9', '18']",11.25
多点生活（中国）网络科技有限公司,多点Dmall,500-2000人,A轮,高新区,JAVA中级工程师-运营研发部,1-3年,本科,10k-15k,新零售,"['1', '3']",2.0,"['10', '15']",11.25
成都可达可科技有限公司,可达可科技,15-50人,不需要融资,成华区,Java开发工程师,3-5年,本科,6k-10k,"技术牛,沟通理解强,学习能力强","['3', '5']",4.0,"['6', '10']",7.0
羿明信息技术股份有限公司,羿明数字,50-150人,A轮,高新区,Java,5-10年,本科,14k-18k,平台好，发展前景好的公司,"['5', '10']",7.5,"['14', '18']",15.0
上海帜讯信息技术股份有限公司,帜讯信息,500-2000人,上市公司,高新区,中高级JAVA工程师（成都）,3-5年,本科,13k-25k,探亲假/交通补助/晋升通道,"['3', '5']",4.0,"['13', '25']",16.0
四川斐讯信息技术有限公司,斐讯技术,2000人以上,不需要融资,高新区,高级软件工程师（JAVA）,5-10年,本科,23k-33k,"绩效奖金,工作餐,班车,定期体检","['5', '10']",7.5,"['23', '33']",25.5
四川汇揽熙云科技有限公司,汇揽熙云,15-50人,未融资,武侯区,Java开发工程师,3-5年,大专,10k-15k,"朝九晚六,年底双薪,带薪休假,广阔前景","['3', '5']",4.0,"['10', '15']",11.25
成都四象联创科技有限公司,四象联创,50-150人,未融资,郫县,Java中级开发工程师,3-5年,本科,10k-20k,"节假日福利,五险,周末双休,员工旅游","['3', '5']",4.0,"['10', '20']",12.5
北京火币天下网络技术有限公司,火币网,150-500人,A轮,武侯区,高级Java开发工程师,5-10年,本科,15k-25k,带薪年假，年终奖，下午茶，五险一金等,"['5', '10']",7.5,"['15', '25']",17.5
苏打出行成都交通科技有限公司,苏打科技,50-150人,A轮,高新区,高级Java开发工程师,3-5年,本科,12k-24k,"快速上升期,共享汽车,智能出行","['3', '5']",4.0,"['12', '24']",15.0
成都科来软件有限公司,科来软件,150-500人,A轮,高新区,资深Java开发工程师,5-10年,大专,12k-15k,五险一金 周末双休 公司高速发展中,"['5', '10']",7.5,"['12', '15']",12.75
北京永洪商智科技有限公司,永洪科技,150-500人,C轮,高新区,高级Java研发工程师,3-5年,本科,15k-20k,"大数据分析,C轮,丰厚期权,成长空间","['3', '5']",4.0,"['15', '20']",16.25
上海佰集信息科技有限公司,简书,50-150人,B轮,青羊区,简书成研-Java后台开发工程师,1-3年,本科,8k-15k,"大牛团队,福利多多,年终奖金,扁平管理","['1', '3']",2.0,"['8', '15']",9.75
广东鸿特普惠信息服务有限公司,鸿特普惠,2000人以上,D轮及以上,武侯区,高级java研发工程师,3-5年,大专,10k-18k,"发展方向,五险一金,周末双休,员工旅游","['3', '5']",4.0,"['10', '18']",12.0
杭州比智科技有限公司,奇点云,50-150人,A轮,高新区,高级Java开发工程师,3-5年,本科,15k-30k,"扁平化组织,快乐氛围,行业竞争力,AI智能","['3', '5']",4.0,"['15', '30']",18.75
中电科华云信息技术有限公司,电科华云,150-500人,A轮,高新区,高级Java开发工程师,5-10年,本科,10k-18k,"云平台,docke,分布式","['5', '10']",7.5,"['10', '18']",12.0
客如云科技（北京）股份有限公司,客如云,500-2000人,C轮,高新区,高级java开发工程师J11039,5-10年,本科,18k-30k,"弹性工作,股票期权,氛围好,季度奖金","['5', '10']",7.5,"['18', '30']",21.0
成都博智维讯信息技术股份有限公司,博智信息,150-500人,不需要融资,高新区,Java开发工程师,3-5年,大专,10k-15k,双休/餐补/体检/旅游/年终奖,"['3', '5']",4.0,"['10', '15']",11.25
北京世联互动网络有限公司成都分公司,NAVER China,500-2000人,上市公司,高新区,Java,3-5年,本科,10k-20k,14薪，六险一金（公积金12%）技术氛围浓厚,"['3', '5']",4.0,"['10', '20']",12.5
成都亿科环境科技有限公司,亿科环境,15-50人,不需要融资,武侯区,Java高级软件工程师,5-10年,大专,9k-12k,"弹性工作,年终奖金,餐饮补贴,专业培训","['5', '10']",7.5,"['9', '12']",9.75
成都碰她网络科技有限公司,成都碰她网络科技有限公司,50-150人,不需要融资,高新区,Java/Nodejs工程师,3-5年,本科,9k-16k,"补助齐全,不打卡,奖金,定期升薪","['3', '5']",4.0,"['9', '16']",10.75
昆仑智汇数据科技（北京）有限公司,K2DATA,50-150人,B轮,双流区,Java工程师/高级工程师,3-5年,本科,10k-20k,"行业风头,大牛带队,扁平化,环境好","['3', '5']",4.0,"['10', '20']",12.5
北京容联七陌科技有限公司,容联七陌,150-500人,D轮及以上,高新区,java工程师（成都）,1-3年,本科,8k-16k,"六险一金,免费零食,补充医疗","['1', '3']",2.0,"['8', '16']",10.0
四川慧流云科技有限公司,慧流云,15-50人,天使轮,高新区,java开发工程师,3-5年,本科,8K-12K,"十三薪,五险一金,氛围好,环境优美","['3', '5']",4.0,"['8', '12']",9.0
上海华钦信息科技股份有限公司,CLPS,500-2000人,未融资,高新区,高级Java开发工程师,5-10年,本科,10k-20k,"英文环境,发展空间,医疗项目","['5', '10']",7.5,"['10', '20']",12.5
成都贵鑫堂网络科技有限公司,贵鑫堂,50-150人,未融资,金牛区,Java web开发工程师,1-3年,本科,6k-10k,"绩效奖金,带薪年假","['1', '3']",2.0,"['6', '10']",7.0
深圳前海盘古天矶信息科技有限公司,盘古天矶,50-150人,未融资,锦江区,高级JAVA研发工程师,3-5年,本科,10k-20k,"双休,福利完善,大平台,发展好","['3', '5']",4.0,"['10', '20']",12.5
纽昂司软件技术（北京）有限公司,Nuance,2000人以上,上市公司,高新区,高级Java开发工程师,5-10年,本科,15k-23k,"人工智能,后端开发","['5', '10']",7.5,"['15', '23']",17.0
成都多米安科技有限公司,多米安,15-50人,未融资,锦江区,中级java工程师,3-5年,本科,6K-12K,双休、五险一金,"['3', '5']",4.0,"['6', '12']",7.5
思特沃克软件技术（成都）有限公司,ThoughtWorks,2000人以上,不需要融资,高新区,【成都】Java开发工程师,不限,不限,11k-18k,"技术领先,国际视野,技术社区,弹性工作",[],0.0,"['11', '18']",12.75
小马股份有限公司,小马股份,50-150人,不需要融资,武侯区,java开发工程师-中高级,3-5年,本科,8k-16k,六险一金,"['3', '5']",4.0,"['8', '16']",10.0
成都青之软件有限公司,青之软件,50-150人,不需要融资,高新区,高级Java工程师,5-10年,本科,12k-18k,"五险一金,带薪年假,年终奖金,周末双休","['5', '10']",7.5,"['12', '18']",13.5
华夏万家（成都）网络科技有限公司,华夏万家成都网络科技有限公司,150-500人,未融资,青羊区,高级Java开发工程师,3-5年,本科,10k-15k,"双休,五险一金,环境好,弹性工作时","['3', '5']",4.0,"['10', '15']",11.25
四川欣阳科技有限公司,欣阳科技,150-500人,不需要融资,高新区,java开发工程师,3-5年,本科,10K-15K,五险一金&nbsp;医疗行业,"['3', '5']",4.0,"['10', '15']",11.25
四川千行你我科技有限公司,千行集团,150-500人,D轮及以上,双流县,java/golang开发工程师,1-3年,本科,8k-12k,"五险一金,周末双休,带薪年假,餐补话补","['1', '3']",2.0,"['8', '12']",9.0
多点生活（中国）网络科技有限公司,多点Dmall,500-2000人,A轮,高新区,JAVA高级工程师-运营研发部,3-5年,本科,15k-25k,Java,"['3', '5']",4.0,"['15', '25']",17.5
四川省高岸为谷科技有限公司,高岸为谷,15-50人,未融资,高新区,Java开发工程师,3-5年,本科,7k-10k,"积极向上,五险一金,年终奖","['3', '5']",4.0,"['7', '10']",7.75
四川海德智和科技有限公司,海德智和科技,15-50人,不需要融资,锦江区,高级JAVA工程师,3-5年,本科,12k-20k,"团队优秀,办公环境好,发展方向广,管理岗","['3', '5']",4.0,"['12', '20']",14.0
北京众鸣在线科技有限公司,来用车,500-2000人,B轮,武侯区,Java开发工程师,3-5年,大专,8k-10k,"五险一金,补充医疗,年底双薪,节日福利","['3', '5']",4.0,"['8', '10']",8.5
上海泛微网络科技股份有限公司,泛微,2000人以上,上市公司,武侯区,java开发工程师（成都）,3-5年,本科,10k-20k,"半年调薪,福利待遇佳,平台广阔","['3', '5']",4.0,"['10', '20']",12.5
优客逸家(成都)信息科技有限公司,优客逸家,500-2000人,C轮,高新区,JAVA高级软件工程师/JAVA开发主管,5-10年,本科,18k-25k,"互联网平台,发展前景,扁平文化,集团化发展","['5', '10']",7.5,"['18', '25']",19.75
成都康乔电子有限责任公司,康乔电子,50-150人,不需要融资,武侯区,JAVA开发,3-5年,本科,8k-16k,"双休,带薪年假","['3', '5']",4.0,"['8', '16']",10.0
武汉佰钧成技术有限责任公司,武汉佰钧成技术有限公司,2000人以上,不需要融资,高新区,Java软件开发工程师,3-5年,大专,8k-15k,"六险一金,带薪年假,发展空间大,平台好","['3', '5']",4.0,"['8', '15']",9.75
成都康赛信息技术有限公司,成都康赛,150-500人,未融资,成华区,高级Java,3-5年,本科,10k-20k,"Java,门户,后台开发","['3', '5']",4.0,"['10', '20']",12.5
四川华西集采电子商务有限公司,四川华西集采电子商务有限公司,15-50人,不需要融资,金牛区,高级Java开发工程师,5-10年,本科,9k-18k,JAVA,"['5', '10']",7.5,"['9', '18']",11.25
北京三快在线科技有限公司,美团点评,2000人以上,D轮及以上,高新区,高级Java开发,3-5年,本科,18k-35k,"大平台,重点业务,发展空间","['3', '5']",4.0,"['18', '35']",22.25
多点生活（中国）网络科技有限公司,多点Dmall,500-2000人,A轮,高新区,Java工程师（门店系统方向）,3-5年,本科,10k-20k,新零售,"['3', '5']",4.0,"['10', '20']",12.5
成都筑邦科技有限公司,zolbon,15-50人,未融资,高新区,Java开发工程师,3-5年,本科,7k-10k,"大数据处理,物联网服务","['3', '5']",4.0,"['7', '10']",7.75
成都微核科技有限公司,微核科技,50-150人,上市公司,高新区,Java,5-10年,大专,15k-20k,绩效奖金 超长春节假,"['5', '10']",7.5,"['15', '20']",16.25
成都柠檬时光科技有限公司,柠檬科技,150-500人,天使轮,高新区,高级Java开发工程师,3-5年,大专,8k-12k,"交通便利,周末双休,自有项目,技术前沿","['3', '5']",4.0,"['8', '12']",9.0
成都西加云杉科技有限公司,西加云杉,150-500人,不需要融资,高新区,高级Java工程师,5-10年,本科,10k-15k,"核心项目,上升空间大","['5', '10']",7.5,"['10', '15']",11.25
广州市骑鹅游信息技术咨询服务有限公司,骑鹅旅行,50-150人,A轮,高新区,高级java工程师,5-10年,本科,15k-20k,"带薪年假,零食饮料,五险一金,员工旅游","['5', '10']",7.5,"['15', '20']",16.25
四川三德信息技术有限责任公司,三德软件,15-50人,未融资,高新区,Java中级工程师,1-3年,本科,5k-10k,"五险一金,交补,话补,绩效奖金","['1', '3']",2.0,"['5', '10']",6.25
丹露成都网络技术有限公司,丹露成都网络技术有限公司,150-500人,A轮,高新区,java开发工程师（支付产品线）,3-5年,本科,12k-20k,"五险一金,成长快,带薪年假,下午茶","['3', '5']",4.0,"['12', '20']",14.0
成都材智科技有限公司,材智科技,15-50人,不需要融资,高新区,Java中高级工程师,3-5年,本科,8k-12k,"弹性工作,员工旅游,五险一金","['3', '5']",4.0,"['8', '12']",9.0
四川虹广网络科技有限公司,四川虹广,少于15人,不需要融资,高新区,java开发工程师,3-5年,本科,9k-15k,"企业合伙人,原始股权","['3', '5']",4.0,"['9', '15']",10.5
成都房加家网络科技有限公司,房加加,50-150人,A轮,高新区,Java工程师,3-5年,大专,8k-10k,"员工福利,员工旅游,周末双休,绩效奖金","['3', '5']",4.0,"['8', '10']",8.5
佰钧成技术有限责任公司,佰钧成,2000人以上,不需要融资,高新区,Java开发工程师,3-5年,大专,8K-15K,六险一金 平台 金融项目,"['3', '5']",4.0,"['8', '15']",9.75
四川虹广网络科技有限公司,四川虹广,少于15人,不需要融资,高新区,java开发，项目主管,5-10年,本科,15k-20k,"原始股份,技术主管","['5', '10']",7.5,"['15', '20']",16.25
四川傲势科技有限公司,傲势科技,150-500人,不需要融资,青羊区,Java开发工程师,3-5年,本科,10K-15K,公司发展迅速，开放式工作环境，晋升机会多,"['3', '5']",4.0,"['10', '15']",11.25
上海华钦信息科技股份有限公司,CLPS,500-2000人,未融资,高新区,高级java开发工程师,5-10年,本科,15k-25k,医疗,"['5', '10']",7.5,"['15', '25']",17.5
四川久远银海软件股份有限公司,久远银海,500-2000人,上市公司,锦江区,java研发工程师,3-5年,本科,5k-10k,五险一金、年终绩效、生日福利、节日福利,"['3', '5']",4.0,"['5', '10']",6.25
四川生学教育科技有限公司,生学教育,150-500人,A轮,高新区,Java高级开发工程师,3-5年,本科,10k-17k,五险一金+绩效奖金+优厚福利+发展空间,"['3', '5']",4.0,"['10', '17']",11.75
北京世联互动网络有限公司成都分公司,NAVER China,500-2000人,上市公司,高新区,LINE Today Java开发工程师,3-5年,本科,10k-20k,"架构扁平,福利好,架构扁平,出国机会","['3', '5']",4.0,"['10', '20']",12.5
成都关心堂科技有限公司,关心堂,50-150人,A轮,成华区,中级Java软件工程师,3-5年,大专,8k-15k,"绩效奖金,年终奖,朝九晚六,周末双休","['3', '5']",4.0,"['8', '15']",9.75
成都连银信息技术有限公司,爱刷,50-150人,A轮,高新区,Java开发工程师,3-5年,本科,8k-15k,"周末双休,五险一金,升值空间,节假日福利","['3', '5']",4.0,"['8', '15']",9.75
四川新网银行股份有限公司,新网银行,150-500人,不需要融资,高新区,高级java工程师,3-5年,本科,13k-26k,"互联网银行,扁平化管理,晋升双通道,星空餐厅","['3', '5']",4.0,"['13', '26']",16.25
北京流金岁月文化传播股份有限公司成都分公司,北京流金岁月成都分公司,50-150人,上市公司,高新区,Java开发（高级）,3-5年,本科,10k-15k,"上市公司,司克兰团队,成人达己,无我利他","['3', '5']",4.0,"['10', '15']",11.25
成都小二当家网络科技有限公司,小二当家,15-50人,未融资,金牛区,Java开发工程师,3-5年,本科,8K-12K,公司项目新颖、潜力大、发展空间大,"['3', '5']",4.0,"['8', '12']",9.0
四川省亚中医疗仪器有限责任公司,亚中医疗,150-500人,未融资,武侯区,JAVA软件开发工程师,3-5年,本科,7k-12k,"薪资高,半年旅行,健身卡,商业保险","['3', '5']",4.0,"['7', '12']",8.25
成都盈透网络科技有限公司,盈透科技,15-50人,不需要融资,高新区,JAVA开发工程师,3-5年,不限,7k-14k,"领导OK,团队OK","['3', '5']",4.0,"['7', '14']",8.75
深圳市慧择时代科技有限公司,慧择网,500-2000人,B轮,高新区,Java开发工程师,3-5年,本科,10k-15k,"金融科技,综合金融,快速成长,独立工作","['3', '5']",4.0,"['10', '15']",11.25
北京云图金控科技有限公司,云图金控,50-150人,未融资,锦江区,高级JAVA工程师,5-10年,大专,12k-16k,"领导好,福利多,空间大","['5', '10']",7.5,"['12', '16']",13.0
四川久远银海软件股份有限公司,久远银海,500-2000人,上市公司,锦江区,中高级java开发工程师,3-5年,本科,8k-15k,"五险一金,年终奖,带薪年假,节日福利","['3', '5']",4.0,"['8', '15']",9.75
四川生学教育科技有限公司,生学教育,150-500人,A轮,高新区,Java中级开发工程师,1-3年,本科,6k-9k,五险一金+绩效奖金+优厚福利+发展空间,"['1', '3']",2.0,"['6', '9']",6.75
北京创锐文化传媒有限公司,聚美优品,2000人以上,上市公司,高新区,JAVA开发工程师（新零售）,3-5年,本科,10k-20k,"五险一金,带薪年假,发展好,学习空间大","['3', '5']",4.0,"['10', '20']",12.5
北京弘合柏基金融信息服务有限责任公司,有利网,500-2000人,A轮,武侯区,高级java开发工程师,3-5年,本科,18k-30k,"大平台,五险一金,定期体检,绩效激励","['3', '5']",4.0,"['18', '30']",21.0
铁皮人科技有限公司,铁皮人科技,50-150人,A轮,高新区,高级JAVA开发工程师,3-5年,本科,15k-20k,"六险一金,周末双休,顶级项目,弹性作息","['3', '5']",4.0,"['15', '20']",16.25
北京太合音乐文化发展有限公司,太合音乐（百度音乐）,500-2000人,不需要融资,高新区,高级Java开发工程师,3-5年,本科,10k-15k,"五险一金,年底奖金,带薪年假,音乐","['3', '5']",4.0,"['10', '15']",11.25
麦可思数据（成都）股份有限公司,麦可思,150-500人,不需要融资,武侯区,java开发工程师-成都-00486,3-5年,本科,10k-15k,新三板、市场份额30%以上,"['3', '5']",4.0,"['10', '15']",11.25
成都药王科技股份有限公司,药品终端网,150-500人,C轮,高新区,Java高级开发工程师,3-5年,本科,12k-20k,"弹性上班,技术分享,氛围融洽,技术大牛","['3', '5']",4.0,"['12', '20']",14.0
广州思迈特软件有限公司,广州思迈特,150-500人,不需要融资,武侯区,java开发工程师,3-5年,本科,10k-15k,"领导好,福利多多,员工旅游,六险一金","['3', '5']",4.0,"['10', '15']",11.25
成都之维安科技股份有限公司,成都之维安科技股份有限公司,150-500人,上市公司,武侯区,JAVA中级工程师,3-5年,本科,8k-12k,"行业潜力大,公司氛围好","['3', '5']",4.0,"['8', '12']",9.0
亚信科技（中国）有限公司,亚信,2000人以上,不需要融资,武侯区,Java工程师-成都,3-5年,本科,8k-15k,"弹性工作,六险一金,节日福利,氛围轻松","['3', '5']",4.0,"['8', '15']",9.75
四川天翼网络服务有限公司,天翼网络,150-500人,不需要融资,高新区,Java工程师,3-5年,不限,7k-13k,"工龄工资,带薪年假","['3', '5']",4.0,"['7', '13']",8.5
多点生活（中国）网络科技有限公司,多点Dmall,500-2000人,A轮,高新区,新零售Java中高级工程师,3-5年,本科,13k-25k,新零售,"['3', '5']",4.0,"['13', '25']",16.0
上海点融信息科技有限责任公司,点融,150-500人,D轮及以上,高新区,后端Java工程师 - CD3443,不限,本科,9k-16k,工程师文化,[],0.0,"['9', '16']",10.75
北京世联互动网络有限公司成都分公司,NAVER China,500-2000人,上市公司,高新区,Java开发工程师,3-5年,本科,10k-20k,"技术研发中,技术氛围浓,福利多样,出国机会","['3', '5']",4.0,"['10', '20']",12.5
北京太合音乐文化发展有限公司,太合音乐（百度音乐）,500-2000人,不需要融资,高新区,高级JAVA工程师,3-5年,不限,15k-20k,"空间大,平台好,待遇优","['3', '5']",4.0,"['15', '20']",16.25
北京世联互动网络有限公司成都分公司,NAVER China,500-2000人,上市公司,高新区,Java开发工程师,3-5年,本科,10k-20k,"技术研发中,技术氛围浓,福利多样,出国机会","['3', '5']",4.0,"['10', '20']",12.5
咪咕文化科技有限公司,咪咕,2000人以上,不需要融资,高新区,JAVA开发,3-5年,本科,15k-30k,"互联网,音乐,千万级产品,后端","['3', '5']",4.0,"['15', '30']",18.75
深圳市慧择时代科技有限公司,慧择网,500-2000人,B轮,高新区,高级Java开发工程师,5-10年,本科,10k-20k,"互联网科技,机会发展,成长空间,多样福利","['5', '10']",7.5,"['10', '20']",12.5
四川川大智胜软件股份有限公司,川大智胜,150-500人,上市公司,武侯区,java软件工程师,1-3年,本科,8k-15k,"氛围好,新业务","['1', '3']",2.0,"['8', '15']",9.75
成都松石科技有限公司,成都智悠行科技有限公司,50-150人,B轮,高新区,Java软件工程师,3-5年,本科,9k-15k,"节日礼金,年底体检,每月聚餐,团队出游","['3', '5']",4.0,"['9', '15']",10.5
成都摩宝网络科技有限公司,摩宝网络,50-150人,C轮,高新区,高级Java开发工程师,5-10年,本科,15k-20k,"支付,跨境,互联网金融,福利优厚","['5', '10']",7.5,"['15', '20']",16.25
北京云图金控科技有限公司,云图金控,50-150人,未融资,锦江区,中级JAVA工程师,3-5年,大专,8k-12k,"空间大,福利多,领导好","['3', '5']",4.0,"['8', '12']",9.0
四川中清科华云联科技有限公司,中清云联,50-150人,不需要融资,高新区,java高级开发工程师,5-10年,本科,15k-25k,"免费旅游,免费用餐,免费体检,各类补贴","['5', '10']",7.5,"['15', '25']",17.5
北京流金岁月文化传播股份有限公司成都分公司,北京流金岁月成都分公司,50-150人,上市公司,高新区,Java服务器端开发工程师（高级）,5-10年,本科,10k-15k,"六险一金,发展空间大,地铁周边,福利完善","['5', '10']",7.5,"['10', '15']",11.25
北京悦畅科技有限公司,ETCP,500-2000人,B轮,金牛区,初级JAVA开发工程师,1-3年,本科,6k-10k,"项目好,前景好,发展好,氛围好","['1', '3']",2.0,"['6', '10']",7.0
平安科技（深圳）有限公司,平安科技,2000人以上,不需要融资,锦江区,JAVA开发工程师（成都）,3-5年,本科,15k-30k,世界500强，丰厚奖金,"['3', '5']",4.0,"['15', '30']",18.75
成都航天科工大数据研究院有限公司,成都大数据研究院,150-500人,不需要融资,高新区,高级JAVA工程师,5-10年,本科,10k-20k,"五险一金,午餐补助,补充医疗保,发展平台大","['5', '10']",7.5,"['10', '20']",12.5
科大讯飞股份有限公司,科大讯飞,2000人以上,上市公司,高新区,中高级java开发工程师,3-5年,本科,13k-20k,人工智能，上市公司，技术氛围好，团队大咖,"['3', '5']",4.0,"['13', '20']",14.75
成都启航信息技术有限公司,成都启航,15-50人,未融资,武侯区,JAVA开发工程师,3-5年,本科,7k-10k,"双休,五险一金,带薪年假,员工旅游","['3', '5']",4.0,"['7', '10']",7.75
重庆盼达汽车租赁有限公司,盼达用车,500-2000人,未融资,锦江区,Java 高级软件工程师,3-5年,本科,12k-20k,"五险一金,弹性工作,年终奖,活泼扁平化","['3', '5']",4.0,"['12', '20']",14.0
杭州笑联科技有限公司,笑联科技,15-50人,A轮,高新区,Java开发工程师,3-5年,本科,10k-20k,"双休,带薪年假,团队旅游,技术氛围强","['3', '5']",4.0,"['10', '20']",12.5
成都姝菲科技有限公司,姝菲科技,150-500人,不需要融资,高新区,Java高级工程师,3-5年,本科,10k-15k,福利好,"['3', '5']",4.0,"['10', '15']",11.25
成都摩宝网络科技有限公司,摩宝网络,50-150人,C轮,高新区,中级Java开发工程师,3-5年,本科,10k-15k,"支付,金融,福利优厚,少加班","['3', '5']",4.0,"['10', '15']",11.25
广州碧软信息科技有限公司,广州碧软,500-2000人,不需要融资,高新区,java,5-10年,本科,9k-15k,五险一金 周末双休 带薪年假,"['5', '10']",7.5,"['9', '15']",10.5
北京太合音乐文化发展有限公司,太合音乐（百度音乐）,500-2000人,不需要融资,高新区,高级Java工程师,3-5年,本科,10k-20k,"音乐行业,互联网+,互联网办公","['3', '5']",4.0,"['10', '20']",12.5
北京嘉遁数据科技有限公司,嘉遁数据科技,15-50人,不需要融资,高新区,高级java工程师,5-10年,大专,10k-16k,"技术氛围,技术挑战,福利多,核心团队","['5', '10']",7.5,"['10', '16']",11.5
深圳市彩米科技有限公司,深圳市彩米科技有限公司,150-500人,不需要融资,高新区,Java中级工程师,3-5年,本科,8k-15k,"五险一金,包三餐,年终奖,双休","['3', '5']",4.0,"['8', '15']",9.75
四川省商投信息技术有限责任公司,商投信息,15-50人,不需要融资,青羊区,JAVA开发工程师,3-5年,本科,7K-14K,"五险一金,过节礼品,团建活动","['3', '5']",4.0,"['7', '14']",8.75
北京开科唯识技术有限公司,开科唯识,500-2000人,未融资,武侯区,中级Java软件工程师,3-5年,本科,6k-12k,"团队氛围足,晋升空间大,团队技术强","['3', '5']",4.0,"['6', '12']",7.5
北京永洪商智科技有限公司,永洪科技,150-500人,C轮,武侯区,资深Java研发工程师-可视化方向,5-10年,本科,20k-30k,"大数据可视,C轮,股权激励,高端办公","['5', '10']",7.5,"['20', '30']",22.5
上海秦苍信息科技有限公司,买单侠,500-2000人,C轮,高新区,高级JAVA开发工程师,3-5年,本科,10k-20k,"技术大牛,氛围好,职位发展,晋升通道","['3', '5']",4.0,"['10', '20']",12.5
成都亿科环境科技有限公司,亿科环境,15-50人,不需要融资,武侯区,Java中级软件工程师,3-5年,大专,6k-8k,"年终奖金,绩效奖金,餐饮补贴,弹性工作","['3', '5']",4.0,"['6', '8']",6.5
成都风雷体育文化发展有限公司,风雷体育,少于15人,天使轮,金牛区,Java开发工程师,1-3年,本科,7K-10K,发展空间,"['1', '3']",2.0,"['7', '10']",7.75
新华三技术有限公司,H3C,2000人以上,上市公司,高新区,Java开发工程师,3-5年,本科,10K-15K,"带薪休假,14薪,餐补","['3', '5']",4.0,"['10', '15']",11.25
成都银犁冷藏物流股份有限公司,成都银犁,150-500人,不需要融资,武侯区,Java工程师,5-10年,不限,10K-18K,"平台稳健,项目前景好,公司领导好,晋升空间大","['5', '10']",7.5,"['10', '18']",12.0
广州碧软信息科技有限公司,广州碧软,500-2000人,不需要融资,高新区,Java,5-10年,本科,9k-18k,五险一金 周末双休 带薪年假 不出差,"['5', '10']",7.5,"['9', '18']",11.25
成都好玩一二三科技有限公司,成都好玩一二三科技有限公司,50-150人,不需要融资,高新区,Java高级开发工程师,3-5年,大专,13k-20k,"年终奖金,项目奖金,免费供餐,带薪年假","['3', '5']",4.0,"['13', '20']",14.75
上海佰集信息科技有限公司,简书,50-150人,B轮,青羊区,简书成研-Java后台开发工程师,1-3年,本科,8k-15k,"大牛团队,福利多多,年终奖金,扁平管理","['1', '3']",2.0,"['8', '15']",9.75
北京卡拉卡尔科技股份有限公司,卡拉卡尔,150-500人,不需要融资,高新区,初级JAVA开发,应届毕业生,本科,4k-6k,"五险一金,弹性上班,节日福利,年终奖",[],0.0,"['4', '6']",4.5
四川神通教育科技有限公司成都分公司,神通教育,50-150人,未融资,武侯区,资深java开发工程师,5-10年,本科,15k-20k,6险一金,"['5', '10']",7.5,"['15', '20']",16.25
成都市米彩科技有限公司,成都市米彩科技有限公司,150-500人,不需要融资,高新区,Java开发工程师（游戏）,3-5年,大专,10k-20k,"五险一金,包三餐,年终奖,健身房","['3', '5']",4.0,"['10', '20']",12.5
四川东久科技股份有限公司,东久科技,50-150人,未融资,锦江区,Java开发工程师,3-5年,本科,10k-15k,"年假,奖金,出国游,节日福利","['3', '5']",4.0,"['10', '15']",11.25
四川链家房地产经纪有限公司,链家地产,2000人以上,C轮,武侯区,高级软件工程师/Java,3-5年,本科,7k-14k,"java,软件开发","['3', '5']",4.0,"['7', '14']",8.75
成都迈思信息技术有限公司,迈思信息,150-500人,不需要融资,郫县,java开发工程师,3-5年,本科,10K-13K,入职购买五险一金，年终奖,"['3', '5']",4.0,"['10', '13']",10.75
成都一步共享科技有限公司,1步单车,50-150人,B轮,高新区,JAVA 技术工程师,3-5年,本科,7k-10k,团队牛,"['3', '5']",4.0,"['7', '10']",7.75
四川创意信息技术股份有限公司,四川创意,150-500人,上市公司,郫县,Java开发工程师,1-3年,本科,5k-8k,"上市公司,晋升平台,周末双休,免费食堂","['1', '3']",2.0,"['5', '8']",5.75
四川复兴教育科技有限公司,四川复兴教育科技,50-150人,未融资,武侯区,Java开发工程师,3-5年,大专,6k-10k,"周末双休,不加班,绩效奖金,带薪年假","['3', '5']",4.0,"['6', '10']",7.0
北京中维盛科信息技术有限公司,中维盛科,15-50人,未融资,高新区,Java高级工程师,3-5年,不限,10k-15k,"项目提成,周末双休,五险一金","['3', '5']",4.0,"['10', '15']",11.25
成都微积分网络科技有限公司,成都微积分,15-50人,未融资,高新区,Java高级工程师,3-5年,本科,12k-15k,五险一金、绩效奖金、期权激励,"['3', '5']",4.0,"['12', '15']",12.75
成都湃尔智芯科技有限公司,湃尔智芯,少于15人,不需要融资,高新区,中级java开发工程师,3-5年,本科,7k-10k,外企,"['3', '5']",4.0,"['7', '10']",7.75
成都二十六度空间科技有限公司,二十六度空间,50-150人,不需要融资,高新区,JAVA中级开发,3-5年,本科,12k-18k,五险一金,"['3', '5']",4.0,"['12', '18']",13.5
成都油管家科技有限公司,成都油管家科技有限公司,50-150人,A轮,高新区,Java高级开发工程师,5-10年,大专,15k-25k,"技术氛围浓,岗位晋升,团队旅游","['5', '10']",7.5,"['15', '25']",17.5
成都世纪光合作用科技有限公司,光合作用,15-50人,天使轮,郫县,Java中级软件工程师,3-5年,本科,8k-15k,"智能家居,智能硬件","['3', '5']",4.0,"['8', '15']",9.75
成都百汇天下科技有限公司,百汇天下,15-50人,未融资,青羊区,JAVA开发工程师,3-5年,大专,10k-15k,"周末双休,六险一金,办公环境好","['3', '5']",4.0,"['10', '15']",11.25
四川蜀信易电子商务有限公司,蜀信易,50-150人,不需要融资,武侯区,中级Java工程师,3-5年,大专,10k-15k,"五险一金,餐饮补助,通讯补助,电脑补助","['3', '5']",4.0,"['10', '15']",11.25
四川上丰科技有限公司,上丰科技,50-150人,C轮,郫县,Java开发工程师,3-5年,本科,12k-15k,"Java,轨道交通,稳定,研发","['3', '5']",4.0,"['12', '15']",12.75
成都起业科技有限公司,起业科技,15-50人,A轮,高新区,java高级研发工程师,3-5年,本科,8k-12k,"晋升空间大,A轮,福利完善","['3', '5']",4.0,"['8', '12']",9.0
成都西威科技有限公司,成都西威科技有限公司,15-50人,不需要融资,高新区,Java工程师（中级）,3-5年,本科,5k-10k,"五险一金,法定节假日","['3', '5']",4.0,"['5', '10']",6.25
成都博智维讯信息技术股份有限公司,博智信息,150-500人,不需要融资,高新区,JAVA工作流开发工程师,3-5年,大专,10k-20k,双休/餐补/体检/旅游/免息车贷/年终奖,"['3', '5']",4.0,"['10', '20']",12.5
广州碧软信息科技有限公司,广州碧软,500-2000人,不需要融资,高新区,Java,3-5年,大专,10k-15k,"周末双休,带薪年假,五险一金","['3', '5']",4.0,"['10', '15']",11.25
成都艾果科技有限公司,艾果科技,15-50人,未融资,高新区,中高级java 工程师,3-5年,大专,8k-16k,绩效奖金，五险一金，节日福利，扁平化管理,"['3', '5']",4.0,"['8', '16']",10.0
北京车如云科技有限公司,北京车如云科技有限公司,50-150人,天使轮,高新区,高级java工程师,3-5年,本科,8k-15k,五险一金 绩效奖金 年终分红 带薪年假,"['3', '5']",4.0,"['8', '15']",9.75
成都亿阳信通信息技术有限公司,亿阳信通,2000人以上,上市公司,成华区,Java高级工程师,3-5年,本科,8k-12k,"五险一金,带薪年假,员工体检","['3', '5']",4.0,"['8', '12']",9.0
成都数联铭品科技有限公司,BBD,150-500人,C轮,高新区,Java开发工程师（高级）,3-5年,本科,15k-25k,"六险一金,技术大牛,加班补贴,带薪年假","['3', '5']",4.0,"['15', '25']",17.5
成都博智维讯信息技术股份有限公司,博智信息,150-500人,不需要融资,高新区,Java开发工程师,3-5年,大专,10k-20k,"气氛好,福利多,环境好,成长空间大","['3', '5']",4.0,"['10', '20']",12.5
广东鸿特普惠信息服务有限公司,鸿特普惠,2000人以上,D轮及以上,武侯区,研发总监（Java方向）,5-10年,本科,15k-30k,"双休,五险一金,年终奖,旅游","['5', '10']",7.5,"['15', '30']",18.75
成都姝菲科技有限公司,姝菲科技,150-500人,不需要融资,高新区,java中级开发工程师,3-5年,本科,8k-12k,福利好,"['3', '5']",4.0,"['8', '12']",9.0
成都小榕科技有限公司,小榕科技,15-50人,天使轮,武侯区,java工程师,3-5年,大专,5k-8k,"五险一金,节日福利,晋升空间大,灵活工作","['3', '5']",4.0,"['5', '8']",5.75
千城数智（北京）网络科技有限公司,千城数智,50-150人,B轮,青羊区,java高级工程师,3-5年,本科,12k-20k,"五险一金,带薪年假,绩效奖金,节假日福利","['3', '5']",4.0,"['12', '20']",14.0
成都市建讯通科技有限公司,成都建讯通,15-50人,未融资,武侯区,高级Java开发工程师,3-5年,本科,7k-10k,"周末双休,节日福利,旅游","['3', '5']",4.0,"['7', '10']",7.75
成都给米科技有限公司,给米科技,50-150人,不需要融资,高新区,Java开发工程师,3-5年,本科,8k-15k,"双休,五险一金,零食聚餐,晋升平台","['3', '5']",4.0,"['8', '15']",9.75
西藏佳斯特信息技术有限公司,西藏佳斯特,50-150人,天使轮,高新区,java开发,3-5年,本科,8k-15k,"五险一金,年终奖","['3', '5']",4.0,"['8', '15']",9.75
成都有利科技有限公司,有利科技,少于15人,未融资,高新区,Java工程师,3-5年,本科,8k-12k,java后端开发工程师,"['3', '5']",4.0,"['8', '12']",9.0
北京三快在线科技有限公司,美团点评,2000人以上,D轮及以上,武侯区,JAVA开发工程师,3-5年,本科,15k-30k,"新零售,O2O","['3', '5']",4.0,"['15', '30']",18.75
成都鹭升科技有限公司,鹭升科技,150-500人,未融资,高新区,JAVA开发工程师,3-5年,大专,6k-10k,"带薪年假,弹性工作,五险一金,餐补+调薪","['3', '5']",4.0,"['6', '10']",7.0
北京京东世纪贸易有限公司,京东集团,2000人以上,上市公司,武侯区,Java 工程师 （人工智能方向）,3-5年,本科,15k-30k,"人工智能,核心业务,牛人多,发展快","['3', '5']",4.0,"['15', '30']",18.75
成都金控征信有限公司,金控征信,50-150人,不需要融资,高新区,高级JAVA工程师,5-10年,本科,15k-18k,"国有企业,大平台,五险一金","['5', '10']",7.5,"['15', '18']",15.75
客如云科技（北京）股份有限公司,客如云,500-2000人,C轮,高新区,高级JAVA工程师,5-10年,本科,15k-30k,"前景广阔,优秀团队,C轮融资,福利好","['5', '10']",7.5,"['15', '30']",18.75
成都理奥软件有限公司,理奥,50-150人,未融资,高新区,Java,1-3年,本科,5k-8k,弹性工作制、年度旅游、体检,"['1', '3']",2.0,"['5', '8']",5.75
成都科来软件有限公司,科来软件,150-500人,A轮,高新区,高级JAVA工程师,5-10年,本科,15k-20k,"高级职位,可带团队,待遇优厚","['5', '10']",7.5,"['15', '20']",16.25
美奥多软件科技（西安）有限公司,艾斯普,150-500人,不需要融资,锦江区,Java高级开发工程师,5-10年,大专,17k-24k,"技术大牛,英文环境,外企,弹性工作","['5', '10']",7.5,"['17', '24']",18.75
四川昂利斯特科技有限公司,昂利斯特,15-50人,未融资,高新区,Java 研发工程师,3-5年,本科,5k-10k,"带薪休假,双休,发展空间大","['3', '5']",4.0,"['5', '10']",6.25
宜高美信息服务（成都）有限公司,宜高美,150-500人,不需要融资,高新区,高级软件工程师（Java）,5-10年,本科,12k-24k,"前沿项目,尖端科技,正宗外资,福利贼好","['5', '10']",7.5,"['12', '24']",15.0
四川蜀信易电子商务有限公司,蜀信易,50-150人,不需要融资,武侯区,高级Java工程师,5-10年,本科,18k-25k,"五险一金,餐饮补助,通讯补助,电脑补助","['5', '10']",7.5,"['18', '25']",19.75
成都博智维讯信息技术股份有限公司,博智信息,150-500人,不需要融资,高新区,Java开发工程师,3-5年,不限,10k-15k,双休/餐补/体检/旅游/年终奖,"['3', '5']",4.0,"['10', '15']",11.25
贵州基石数据科技有限公司,基石数据,15-50人,不需要融资,高新区,Java开发工程师,3-5年,本科,8k-15k,"五险一金,法定假日,带薪年假","['3', '5']",4.0,"['8', '15']",9.75
四川省乐山市福华农科投资集团有限责任公司,福华集团,2000人以上,上市公司,青羊区,JAVA开发工程师,3-5年,本科,7k-12k,"六险一金,周末双休,互联网公司,行业大牛多","['3', '5']",4.0,"['7', '12']",8.25
广汉美丽乡村开发有限公司,广汉美丽,500-2000人,未融资,武侯区,JAVA高级开发工程师,5-10年,大专,9k-18k,"双休,五险一金,股权激励","['5', '10']",7.5,"['9', '18']",11.25
成都市牧乐网络科技有限公司,Muslog,少于15人,天使轮,高新区,Java工程师,3-5年,本科,8k-15k,"五险一金,双休,餐补交补,弹性时间","['3', '5']",4.0,"['8', '15']",9.75
成都中科合迅科技有限公司,中科合迅,150-500人,未融资,高新区,Java高级开发工程师,5-10年,本科,15k-20k,"六险一金,年终奖,年度体检,弹性工作","['5', '10']",7.5,"['15', '20']",16.25
贵阳货车帮科技有限公司,货车帮,2000人以上,B轮,高新区,Java开发工程师,3-5年,本科,10k-20k,"弹性工作,薪酬福利好,晋升空间大","['3', '5']",4.0,"['10', '20']",12.5
成都国璀科技有限公司,成都国璀科技有限公司,50-150人,不需要融资,高新区,Java开发,3-5年,本科,8K-15K,双休、年假、五险一金、生日礼物,"['3', '5']",4.0,"['8', '15']",9.75
四川斐讯信息技术有限公司,斐讯技术,2000人以上,不需要融资,高新区,数据工程师（java）,3-5年,本科,10k-20k,"五险一金,周末双休,午餐补贴,定期体检","['3', '5']",4.0,"['10', '20']",12.5
四川波斯猫文化传媒有限公司,波斯猫,15-50人,未融资,,Java开发工程师,3-5年,本科,10K-15K,高薪……自由,"['3', '5']",4.0,"['10', '15']",11.25
成都颠峰科创信息技术有限公司,颠峰科创,15-50人,未融资,高新区,高级Java工程师,3-5年,本科,10k-15k,"五险一金,弹性工作,带薪年假,午餐补助","['3', '5']",4.0,"['10', '15']",11.25
成都建国汽车贸易有限公司,东创建国,2000人以上,不需要融资,高新区,JAVA高级软件开发工程师,5-10年,大专,9k-14k,"六险一金,带薪年假,优秀员工旅,绩效奖金","['5', '10']",7.5,"['9', '14']",10.25
北京三快在线科技有限公司,美团点评,2000人以上,D轮及以上,高新区,高级Java开发工程师-外卖成都,3-5年,本科,20k-40k,"大平台,核心业务","['3', '5']",4.0,"['20', '40']",25.0
上海淡红金融科技有限公司,快牛金科,500-2000人,B轮,高新区,JAVA后端开发工程师,3-5年,大专,15k-25k,"互联网金融,丰厚年终奖,六险一金,福利年假","['3', '5']",4.0,"['15', '25']",17.5
上海秦苍信息科技有限公司,买单侠,500-2000人,C轮,高新区,高级Java开发工程师,3-5年,本科,10k-20k,"技术大牛,工作氛围,晋升空间,多重福利","['3', '5']",4.0,"['10', '20']",12.5
成都数字娱乐开发环境工程技术有限公司,中幼数娱,50-150人,不需要融资,高新区,Java高级软件开发工程师,3-5年,大专,8k-15k,"机遇,挑战","['3', '5']",4.0,"['8', '15']",9.75
成都易科士信息产业有限公司,易科士,150-500人,未融资,郫县,Java高级开发工程师,5-10年,大专,8k-10k,"五险一金,周末双休,带薪年假,补贴","['5', '10']",7.5,"['8', '10']",8.5
深圳市享宇金融服务有限公司,享宇金服,150-500人,A轮,高新区,Java开发工程师,3-5年,本科,8k-11k,"五险一金,带薪年假,下午茶,氛围好","['3', '5']",4.0,"['8', '11']",8.75
成都博雅成信科技有限公司,博雅成信,2000人以上,不需要融资,高新区,Java高级开发工程师,5-10年,本科,15k-25k,"五险一金,年底双薪,周末双休,技术大咖","['5', '10']",7.5,"['15', '25']",17.5
深圳闻善科技有限公司,闻善科技,50-150人,不需要融资,金牛区,JAVA后台开发工程师,不限,本科,1k-2k,福利好,[],0.0,"['1', '2']",1.25
北京科电航宇空间技术有限公司,北京科电航宇空间技术有限公司,50-150人,不需要融资,青羊区,高级JAVA开发工程师,3-5年,本科,10k-20k,"创业公司,福利待遇优,工作环境佳,美女多","['3', '5']",4.0,"['10', '20']",12.5
上海泛微网络科技股份有限公司,泛微,2000人以上,上市公司,武侯区,Java资深开发工程师(成都),3-5年,本科,10k-15k,"上市公司,绩效奖金,开发奖金","['3', '5']",4.0,"['10', '15']",11.25
支付宝（中国）网络技术有限公司成都分公司,蚂蚁金融服务集团(成都),500-2000人,D轮及以上,高新区,java　研发工程师,1-3年,本科,15k-30k,"16薪以上,绩效好期权","['1', '3']",2.0,"['15', '30']",18.75
北京九恒星科技股份有限公司,九恒星,150-500人,上市公司,高新区,Java软件工程师,1-3年,本科,5k-10k,舒适的办公环境、丰富的福利待遇,"['1', '3']",2.0,"['5', '10']",6.25
成都好房通科技股份有限公司,好房通科技,150-500人,上市公司,,Java程序员,1-3年,大专,5k-10k,前沿技术多有机会学习大数据开发，提升快,"['1', '3']",2.0,"['5', '10']",6.25
科大讯飞股份有限公司四川分公司,科大讯飞四川分公司,2000人以上,上市公司,武侯区,中高级java开发工程师,3-5年,本科,12k-20k,"人工智能,上市公司,技术氛围好,团队大咖","['3', '5']",4.0,"['12', '20']",14.0
四川天正信息科技有限公司,天正信息,15-50人,不需要融资,武侯区,java开发工程师,1-3年,本科,6k-10k,"六险一金,节日福利,岗位晋升,带薪年假","['1', '3']",2.0,"['6', '10']",7.0
四川久远银海软件股份有限公司,久远银海,500-2000人,上市公司,锦江区,Java高级工程师,3-5年,本科,10k-15k,"上市公司,五险一金,年度调薪","['3', '5']",4.0,"['10', '15']",11.25
钛马信息网络技术有限公司,钛马车联网,150-500人,B轮,高新区,高级Java软件工程师,5-10年,本科,10k-20k,持续成长和环境和空间duang的一下给你~,"['5', '10']",7.5,"['10', '20']",12.5
北京嗨学卓奥教育科技有限公司,嗨学网,500-2000人,D轮及以上,成华区,高级Java开发工程师,3-5年,本科,15k-26k,弹性工作制，架构师/技术管理上升通道,"['3', '5']",4.0,"['15', '26']",17.75
广州碧软信息科技有限公司,广州碧软,500-2000人,不需要融资,高新区,Java中/高级开发工程师,3-5年,大专,8k-15k,"周末双休,五险一金,带薪年假,绩效奖金","['3', '5']",4.0,"['8', '15']",9.75
四川爱辉科技有限公司,爱辉科技,50-150人,未融资,成华区,JAVA开发工程师,3-5年,本科,8k-16k,"带薪年假,五险一金,周末双休,年终奖金","['3', '5']",4.0,"['8', '16']",10.0
北京思特奇信息技术股份有限公司,思特奇Si-tech,2000人以上,上市公司,,Java工程师,1-3年,本科,5k-10k,五险一金 补充医疗报销 定期体检,"['1', '3']",2.0,"['5', '10']",6.25
四川驹马企业管理有限公司,四川驹马,150-500人,B轮,锦江区,中级java工程师,3-5年,不限,10K-15K,轻松的办公氛围，无限的发展可能,"['3', '5']",4.0,"['10', '15']",11.25
成都香蕉树科技有限公司,找门网,15-50人,未融资,高新区,中高级java工程师,3-5年,本科,10k-15k,"不打卡,发展快","['3', '5']",4.0,"['10', '15']",11.25
成都智城派尔科技有限公司,成都智城派尔公司,少于15人,不需要融资,高新区,中级java开发工程师,3-5年,本科,7k-10k,"发展好,外企","['3', '5']",4.0,"['7', '10']",7.75
重庆云汉网络传媒有限责任公司,重庆云汉网络传媒有限公司,50-150人,不需要融资,,JAVA工程师（高级）,3-5年,大专,12k-18k,朝九晚五+周末双休+五险一金+工作餐,"['3', '5']",4.0,"['12', '18']",13.5
成都数联铭品科技有限公司,BBD,150-500人,C轮,高新区,Java开发工程师（中级）,1-3年,本科,10k-15k,"六险一金,技术大牛,加班补贴,带薪年假","['1', '3']",2.0,"['10', '15']",11.25
成都小二当家网络科技有限公司,小二当家,15-50人,未融资,金牛区,高级java开发工程师,3-5年,本科,12K-16K,公司产品新颖、福利待遇优、团队氛围好,"['3', '5']",4.0,"['12', '16']",13.0
澳新银行营运服务（成都）有限公司,澳新银行,500-2000人,上市公司,高新区,高级Java开发工程师,5-10年,本科,1k-2k,"国际化办公,完善福利,带薪假期,出国机会","['5', '10']",7.5,"['1', '2']",1.25
成都联宇云安科技有限公司,成都联宇云安科技有限公司,15-50人,A轮,武侯区,高级JAVA开发工程师,3-5年,本科,8k-12k,"五险一金,岗位补贴,年终奖金","['3', '5']",4.0,"['8', '12']",9.0
成都盖亚互动信息技术有限公司,盖亚互动,50-150人,天使轮,高新区,高级java开发,5-10年,本科,15k-30k,"高配设备,技术氛围浓,花式下午茶,五险一金","['5', '10']",7.5,"['15', '30']",18.75
支付宝（中国）网络技术有限公司成都分公司,蚂蚁金融服务集团(成都),500-2000人,D轮及以上,高新区,java　研发工程师,3-5年,本科,15k-30k,"绩效好期权,16月+","['3', '5']",4.0,"['15', '30']",18.75
北京思源时代科技有限公司,思源时代,150-500人,不需要融资,锦江区,JAVA开发工程师,3-5年,大专,9k-15k,"机会,挑战","['3', '5']",4.0,"['9', '15']",10.5
四川众鹏科技有限公司,众鹏科技,15-50人,未融资,高新区,中高级java开发攻城狮,3-5年,大专,9k-16k,"六险一金,年底双薪,年度体检,节日福利","['3', '5']",4.0,"['9', '16']",10.75
北明软件有限公司,北明软件,2000人以上,上市公司,武侯区,Java高级开发工程师（成都）,5-10年,本科,12k-16k,"五险一金,年底双薪,餐补电脑补,发展空间大","['5', '10']",7.5,"['12', '16']",13.0
成都奇新科技有限公司,奇新科技,50-150人,天使轮,高新区,Java,5-10年,本科,12k-20k,一起探索快消品O2O兑奖平台领域，敢为先驱,"['5', '10']",7.5,"['12', '20']",14.0
成都长天星斗科技有限公司,成都长天星斗,50-150人,不需要融资,武侯区,JAVA开发工程师,3-5年,不限,8k-15k,"发展快,晋升机会大,工作氛围好","['3', '5']",4.0,"['8', '15']",9.75
成都西辰软件有限公司,西辰软件,50-150人,未融资,高新区,Java软件工程师,不限,本科,4k-8k,环境好，晋升空间大，六险一金，带薪年假,[],0.0,"['4', '8']",5.0
成都新西软科技有限公司,新西软,15-50人,天使轮,温江区,Java,5-10年,本科,15k-25k,有机会进入公司核心团队，年轻人实力说话。,"['5', '10']",7.5,"['15', '25']",17.5
成都三生目科技有限公司,三生目,15-50人,天使轮,锦江区,Java软件开发工程师,3-5年,大专,8K-15K,"合理薪酬,年终奖,项目福利,双休","['3', '5']",4.0,"['8', '15']",9.75
四川成享软件系统有限公司,四川成享,50-150人,不需要融资,武侯区,Java高级开发工程师,5-10年,本科,10k-15k,"五险一金,周末双休,年终奖,节日福利","['5', '10']",7.5,"['10', '15']",11.25
成都市道融世纪信息技术服务有限公司,成都道融世纪,50-150人,A轮,高新区,java开发工程师,1-3年,本科,5k-8k,"六险一金,节日福利,生日会,高端写字楼","['1', '3']",2.0,"['5', '8']",5.75
成都运达科技股份有限公司,运达科技,500-2000人,上市公司,郫县,JAVA高级软件工程师,5-10年,本科,10k-15k,"行业发展,项目丰富,各种福利,绩效奖金","['5', '10']",7.5,"['10', '15']",11.25
成都一步共享科技有限公司,1步单车,50-150人,B轮,高新区,高级JAVA开发工程师,3-5年,本科,10k-13k,"公司好,团队牛","['3', '5']",4.0,"['10', '13']",10.75
四川衡智科技有限公司,衡智科技,15-50人,天使轮,高新区,java高级开发工程师,5-10年,本科,12K-18K,"和谐,期权,分红","['5', '10']",7.5,"['12', '18']",13.5
北京流金岁月文化传播股份有限公司成都分公司,北京流金岁月成都分公司,50-150人,上市公司,高新区,Java服务器端开发工程师（中级）,3-5年,本科,8K-12K,发展空间大,"['3', '5']",4.0,"['8', '12']",9.0
四川途欢医疗健康科技有限公司,途欢科技,50-150人,A轮,高新区,Java高级研发工程师,5-10年,本科,10k-15k,大牛 公司氛围好 年底双薪 定期体检,"['5', '10']",7.5,"['10', '15']",11.25
北京华生恒业科技有限公司,华生恒业,500-2000人,C轮,青羊区,大数据开发/高级JAVA开发,3-5年,本科,8k-16k,"年底双薪,带薪年假,节日福利","['3', '5']",4.0,"['8', '16']",10.0
四川瑞升蓉网络科技有限公司,瑞升蓉,150-500人,不需要融资,武侯区,JAVA中级开发工程师,3-5年,大专,8k-10k,"五险一金,年底双薪,节日福利,绩效奖金","['3', '5']",4.0,"['8', '10']",8.5
成都聚思力信息技术有限公司,成都聚思力信息技术有限公司,500-2000人,上市公司,高新区,高级Java开发 工程师,3-5年,本科,10k-16k,"Java,IT,软件园","['3', '5']",4.0,"['10', '16']",11.5
成都药王科技股份有限公司,药品终端网,150-500人,C轮,高新区,JAVA工程师（搜索）,3-5年,大专,8k-16k,"弹性时间,期权激励,氛围浓厚,五险一金","['3', '5']",4.0,"['8', '16']",10.0
四川向氏惠众科技有限公司,向氏惠众,15-50人,未融资,青羊区,高级JAVA工程师,3-5年,本科,6k-12k,"社会保险,周末双休,人性化管理,年终奖金","['3', '5']",4.0,"['6', '12']",7.5
北明软件有限公司,北明软件,2000人以上,上市公司,武侯区,Java中级开发工程师（成都）,3-5年,本科,10k-16k,"五险一金,年底双薪,餐补电脑补,发展空间大","['3', '5']",4.0,"['10', '16']",11.5
支付宝（中国）网络技术有限公司成都分公司,蚂蚁金融服务集团(成都),500-2000人,D轮及以上,高新区,java　开发工程师,1-3年,本科,16k-32k,"16月薪水,绩效好期权","['1', '3']",2.0,"['16', '32']",20.0
四川华澳新桥集团有限公司,华澳新桥,2000人以上,不需要融资,高新区,Java工程师（高级）,5-10年,本科,10k-13k,"五险一金,带薪年假,团队年轻,发展空间大","['5', '10']",7.5,"['10', '13']",10.75
成都九洲电子信息系统股份有限公司,成都九洲,150-500人,上市公司,高新区,java软件工程师,1-3年,大专,6k-8k,"五险一金,餐补,交通补贴","['1', '3']",2.0,"['6', '8']",6.5
中电九天智能科技有限公司,中电九天智能科技有限公司,50-150人,未融资,双流区,Java研发工程师,3-5年,本科,10k-15k,"六险一金,各项补贴,带薪年假,定期体检","['3', '5']",4.0,"['10', '15']",11.25
北京嗨学卓奥教育科技有限公司,嗨学网,500-2000人,D轮及以上,成华区,Java开发工程师,1-3年,本科,7k-14k,弹性工作制 发展空间大 双休 五险一金,"['1', '3']",2.0,"['7', '14']",8.75
成都市双扬科技有限责任公司,成都双扬科技,少于15人,未融资,高新区,java高级开发工程师,3-5年,本科,8k-15k,"年底奖金,节日福利","['3', '5']",4.0,"['8', '15']",9.75
成都药王科技股份有限公司,药品终端网,150-500人,C轮,高新区,JAVA工程师（电商开发）,3-5年,大专,10k-16k,"弹性时间,期权激励,氛围浓厚,五险一金","['3', '5']",4.0,"['10', '16']",11.5
北京思特奇信息技术股份有限公司,思特奇Si-tech,2000人以上,上市公司,高新区,Java高级工程师,5-10年,本科,9k-13k,五险一金 补充医疗报销 定期体检,"['5', '10']",7.5,"['9', '13']",10.0
成都关心堂科技有限公司,关心堂,50-150人,A轮,成华区,高级Java开发工程师,5-10年,大专,15k-30k,"朝九晚六,周末双休,年终奖,绩效奖金","['5', '10']",7.5,"['15', '30']",18.75
四川久远国基科技有限公司,久远国基,150-500人,不需要融资,锦江区,初中级JAVA软件开发工程师,1-3年,本科,6k-12k,"福利齐全！,环境团队佳,努力才幸运","['1', '3']",2.0,"['6', '12']",7.5
成都车如云网络科技有限公司,车如云,15-50人,未融资,高新区,Java工程师,3-5年,大专,10k-20k,五险一金 项目奖金 年终分红 带薪年假 双休,"['3', '5']",4.0,"['10', '20']",12.5
四川华南信息产业股份有限公司,华南信息,150-500人,上市公司,武侯区,java工程师（中高级）,3-5年,本科,8k-15k,"五险一金,带薪年假,周末双休","['3', '5']",4.0,"['8', '15']",9.75
马上消费金融股份有限公司,马上金融,2000人以上,不需要融资,高新区,高级JAVA开发工程师,5-10年,本科,15k-30k,"五险一金,技术前沿,绩效奖金","['5', '10']",7.5,"['15', '30']",18.75
国信优易数据有限公司,国信优易,500-2000人,B轮,郫县,中高级java工程师,3-5年,本科,8k-10k,"五险一金,绩效奖金,年终奖金,大平台","['3', '5']",4.0,"['8', '10']",8.5
成都融微软件服务有限公司,融微软件,50-150人,不需要融资,高新区,JAVA开发工程师,3-5年,本科,8k-10k,"五险一金,年度体检,任性高温假,年终奖等","['3', '5']",4.0,"['8', '10']",8.5
成都国信安信息产业基地有限公司,国信安,150-500人,不需要融资,双流县,java工程师-中高级,3-5年,本科,8k-16k,"央企,五险一金,班车,信息安全","['3', '5']",4.0,"['8', '16']",10.0
四川蜀信易电子商务有限公司,蜀信易,50-150人,不需要融资,武侯区,Java开发经理,5-10年,本科,20k-25k,"五险一金,餐饮补助,周末双休,电脑补助","['5', '10']",7.5,"['20', '25']",21.25
北京弘合柏基金融信息服务有限责任公司,有利网,500-2000人,A轮,武侯区,Java架构师,3-5年,本科,20k-35k,"大平台,周末双休,五险一金,绩效奖金","['3', '5']",4.0,"['20', '35']",23.75
亚信科技（成都）有限公司,亚信科技,2000人以上,上市公司,青羊区,java软件开发工程师,3-5年,本科,10k-20k,"六险一金,13薪,年终奖,弹性工作制","['3', '5']",4.0,"['10', '20']",12.5
全域生活（成都）科技有限公司,全域生活,50-150人,未融资,高新区,Java高级开发工程师,5-10年,本科,10k-20k,"领袖,高薪,成就感,挑战","['5', '10']",7.5,"['10', '20']",12.5
成都舍得软件开发有限公司,舍得软件,15-50人,不需要融资,成华区,JAVA开发工程师（高级）,5-10年,本科,12k-20k,"人性化管理,舒适的环境","['5', '10']",7.5,"['12', '20']",14.0
成都火星云网络科技有限公司,火星云,15-50人,未融资,武侯区,JAVA工程师,1-3年,不限,9K-12K,优秀者有期权奖励,"['1', '3']",2.0,"['9', '12']",9.75
北京思特奇信息技术股份有限公司,思特奇Si-tech,2000人以上,上市公司,高新区,Java高级工程师,3-5年,本科,8k-15k,七险一金 补充医疗报销 定期体检,"['3', '5']",4.0,"['8', '15']",9.75
农丰时代科技有限公司,人和,2000人以上,上市公司,锦江区,Java中级开发工程师,3-5年,本科,8k-12k,"弹性工作,带薪年假,五险一金,年终奖金","['3', '5']",4.0,"['8', '12']",9.0
成都元典信息技术有限公司,成都元典,少于15人,不需要融资,郫县,JAVA高级开发工程师,3-5年,不限,8k-15k,"包住,按时发工资,人性化管理,坏境好","['3', '5']",4.0,"['8', '15']",9.75
成都跨界思维教育科技有限公司,成都跨界思维,少于15人,不需要融资,高新区,JAVA开发工程师,1-3年,大专,8k-12k,"五险一金,定期聚餐,技术培训,氛围和谐","['1', '3']",2.0,"['8', '12']",9.0
中景恒基云端物联网科技成都有限公司,中景恒基物联网,50-150人,未融资,高新区,高级 Java 开发工程师,3-5年,本科,10K-18K,"云服务,后端,Java","['3', '5']",4.0,"['10', '18']",12.0
成都尼毕鲁科技股份有限公司,tap4fun,150-500人,不需要融资,高新区,JAVA高级研发工程师,3-5年,本科,18k-35k,"java,高薪资,管理","['3', '5']",4.0,"['18', '35']",22.25
四川昂利斯特科技有限公司,昂利斯特,15-50人,未融资,高新区,java开发工程师,3-5年,不限,6k-9k,"学习机会多,五险,自由,氛围好","['3', '5']",4.0,"['6', '9']",6.75
成都智慧杰科技有限公司,订货助手,少于15人,未融资,,Java开发工程师,3-5年,本科,6K-12K,自由工作时间,"['3', '5']",4.0,"['6', '12']",7.5
成都博智云创科技有限公司,小微钢企信息化系统领导者！,15-50人,不需要融资,高新区,高级java工程师,5-10年,本科,14k-20k,"年终奖,激励股分红,弹性上班,弹性年休假","['5', '10']",7.5,"['14', '20']",15.5
成都信通网易医疗科技发展有限公司,信通,150-500人,未融资,武侯区,中高级JAVA开发工程师,3-5年,本科,8k-15k,"公司氛围好,涨薪幅度大","['3', '5']",4.0,"['8', '15']",9.75
成都镁奥途网络科技有限公司,汽车智能互联先驱、改变汽车生活,50-150人,未融资,高新区,高级JAVA开发工程师,3-5年,本科,10k-18k,"双休,13薪,上升空间大,技术大牛","['3', '5']",4.0,"['10', '18']",12.0
信雅达系统工程股份有限公司,信雅达,2000人以上,上市公司,青羊区,java开发工程师,1-3年,本科,7k-14k,"双休,五险一金,年终奖,餐补","['1', '3']",2.0,"['7', '14']",8.75
成都博智维讯信息技术股份有限公司,博智信息,150-500人,不需要融资,高新区,Java开发,3-5年,大专,10k-15k,双休/餐补/体检/旅游/年终奖,"['3', '5']",4.0,"['10', '15']",11.25
壹玖壹玖酒类平台科技股份有限公司,1919酒类直供,2000人以上,上市公司,武侯区,高级JAVA开发工程师,5-10年,大专,15k-25k,"五险一金,弹性上班,节日福利,项目激励","['5', '10']",7.5,"['15', '25']",17.5
北京思特奇信息技术股份有限公司,思特奇Si-tech,2000人以上,上市公司,高新区,高级java开发工程师,3-5年,本科,9k-13k,七险一金 周末双休 节日福利 绩效奖金,"['3', '5']",4.0,"['9', '13']",10.0
杭州麟云科技有限公司成都分公司,杭州麟云科技成都分公司,50-150人,不需要融资,武侯区,Java开发主管,5-10年,本科,11k-19k,你的亮点,"['5', '10']",7.5,"['11', '19']",13.0
成都新橙北斗智联有限公司,新橙北斗,50-150人,不需要融资,武侯区,Java开发工程师,3-5年,本科,8k-15k,"五险一金,餐补通讯补,定期体检,股权激励","['3', '5']",4.0,"['8', '15']",9.75
成都两个月亮科技有限公司,两个月亮科技有限公司,少于15人,天使轮,高新区,JAVA高级开发工程师,3-5年,本科,15K-25K,"晋升空间大,初创有期权,区块链行业","['3', '5']",4.0,"['15', '25']",17.5
成都华蓉领创科技有限公司,华蓉领创,少于15人,天使轮,高新区,高级java开发工程师,3-5年,本科,8K-12K,已获天使投资，发展前景好,"['3', '5']",4.0,"['8', '12']",9.0
京北方信息技术股份有限公司,京北方,2000人以上,D轮及以上,青羊区,java开发工程师（中高级）,3-5年,本科,8k-12k,五险一金,"['3', '5']",4.0,"['8', '12']",9.0
成都崇古尚珍网络科技有限公司,崇古尚珍,50-150人,不需要融资,高新区,JAVA开发工程师,3-5年,不限,8K-16K,"五险一金,定期体检,弹性工作","['3', '5']",4.0,"['8', '16']",10.0
成都二十六度空间科技有限公司,二十六度空间,50-150人,不需要融资,高新区,Java高级开发,3-5年,本科,15k-25k,"五险一金,带薪年假","['3', '5']",4.0,"['15', '25']",17.5
四川宏力信息科技有限责任公司,宏力科技,15-50人,不需要融资,高新区,中级JAVA工程师,3-5年,本科,9K-15K,"五险一金,带薪年假,免费午餐,节日福利","['3', '5']",4.0,"['9', '15']",10.5
北京天广汇通科技有限公司成都分公司,天广汇通,150-500人,不需要融资,高新区,JAVA高级开发工程师,5-10年,本科,14k-20k,"领导好,六险一金,办公室零食,体检","['5', '10']",7.5,"['14', '20']",15.5
四川华南信息产业股份有限公司,华南信息,150-500人,上市公司,武侯区,java工程师（中级）,1-3年,本科,6k-10k,"五险一金,周末双休,带薪年假","['1', '3']",2.0,"['6', '10']",7.0
成都爆米花互娱科技有限公司,爆米花互娱,15-50人,天使轮,武侯区,中高级Java开发工程师,1-3年,本科,7k-13k,"创业型公司,五险一金,发展空间大,扁平化管理","['1', '3']",2.0,"['7', '13']",8.5
贵阳货车帮科技有限公司,货车帮,2000人以上,B轮,高新区,Java,3-5年,本科,12k-24k,"独角兽,五险一金,发展空间,氛围轻松","['3', '5']",4.0,"['12', '24']",15.0
上海联璧电子科技（集团）有限公司,联璧集团,500-2000人,B轮,锦江区,JAVA高级开发工程师/技术经理,5-10年,本科,13k-18k,"五险一金,弹性工作","['5', '10']",7.5,"['13', '18']",14.25
成都丝语美容咨询有限公司,成都丝语美容,2000人以上,不需要融资,锦江区,高级JAVA工程师,5-10年,大专,10k-20k,"带薪年假,发展空间大,绩效奖金,节日礼物","['5', '10']",7.5,"['10', '20']",12.5
苏州中德宏泰电子科技有限公司成都分公司,中德宏泰,150-500人,上市公司,高新区,Java,不限,大专,6k-12k,五险一金 周末双休 节日福利 出国旅游,[],0.0,"['6', '12']",7.5
北京宏链科技有限公司,宏链科技,50-150人,不需要融资,高新区,高级Java工程师,5-10年,本科,15k-20k,"交通便捷,成长空间大","['5', '10']",7.5,"['15', '20']",16.25
成都四星科技有限公司,四星科技,15-50人,未融资,郫县,中级java开发工程师,1-3年,大专,8k-12k,"福利好,加班少,晋升空间大","['1', '3']",2.0,"['8', '12']",9.0
四川五阳网络科技有限公司,万千商城,150-500人,不需要融资,青羊区,JAVA高级软件工程师,不限,不限,15k-30k,"平台大,初创团队,薪酬高",[],0.0,"['15', '30']",18.75
成都壹千零壹夜网络科技有限公司,成都壹千零壹夜网络科技有限公司,15-50人,A轮,金牛区,Java中高级开发工程师,5-10年,大专,12k-20k,五险一金 期权 周末双休,"['5', '10']",7.5,"['12', '20']",14.0
成都瑞骐金融服务外包有限公司,瑞骐金服,500-2000人,不需要融资,青羊区,高级java开发工程师,5-10年,本科,20k-25k,"五险一金,周末双休,氛围轻松,晋升大","['5', '10']",7.5,"['20', '25']",21.25
成都聚思力信息技术有限公司,成都聚思力信息技术有限公司,500-2000人,上市公司,高新区,JAVA中级开发工程师,3-5年,本科,10k-15k,"六险一金,饭补交通补,医补旅游补,9天年假","['3', '5']",4.0,"['10', '15']",11.25
成都东方闻道科技发展有限公司,东方闻道,150-500人,不需要融资,高新区,JAVA中级工程师,1-3年,本科,10k-15k,"下班早,加班少,福利好,美女多","['1', '3']",2.0,"['10', '15']",11.25
成都翼联科技有限公司,翼联科技,150-500人,不需要融资,成华区,Java开发主管,3-5年,大专,10k-13k,"六险一金,周末双休,年终奖金,项目奖金","['3', '5']",4.0,"['10', '13']",10.75
西藏佳斯特信息技术有限公司,西藏佳斯特,50-150人,天使轮,高新区,高级java开发工程师,3-5年,本科,10k-20k,"薪资好,福利好","['3', '5']",4.0,"['10', '20']",12.5
成都数联铭品科技有限公司,BBD,150-500人,C轮,高新区,java后端工程师,3-5年,本科,15k-25k,"六险一金,周末双休,舒适环境,大牛团队","['3', '5']",4.0,"['15', '25']",17.5
中电九天智能科技有限公司,中电九天智能科技有限公司,50-150人,未融资,双流区,高级Java工程师,5-10年,本科,10k-20k,"六险一金,年度体检,带薪年假,各项福利","['5', '10']",7.5,"['10', '20']",12.5
成都东贯云网络科技有限公司,东贯云,少于15人,不需要融资,锦江区,JAVA高级工程师,3-5年,本科,8k-14k,"节日福利,五险一金,年底双薪,加班补助","['3', '5']",4.0,"['8', '14']",9.5
四川驹马企业管理有限公司,四川驹马,150-500人,B轮,锦江区,高级java工程师,5-10年,大专,15k-22k,轻松的办公氛围，无限的发展可能,"['5', '10']",7.5,"['15', '22']",16.75
成都爱智游科技有限公司,爱智游,15-50人,未融资,高新区,高级Java工程师,3-5年,大专,8k-12k,"五险一金,周末双休,朝九晚六,餐补交补","['3', '5']",4.0,"['8', '12']",9.0
